time,amplitude
0.000000,0.000000
0.001000,0.000000
0.002000,0.000000
0.003000,0.000000
0.004000,0.000000
0.005000,0.000000
0.006000,0.000000
0.007000,0.000000
0.008000,0.000000
0.009000,0.000000
0.010000,0.000000
0.011000,0.000000
0.012000,0.000000
0.013000,0.000000
0.014000,0.000000
0.015000,0.000000
0.016000,0.000000
0.017000,0.000000
0.018000,0.000000
0.019000,0.000000
0.020000,0.000000
0.021000,0.000000
0.022000,0.000000
0.023000,0.000000
0.024000,0.000000
0.025000,0.000000
0.026000,0.000000
0.027000,0.000000
0.028000,0.000000
0.029000,0.000000
0.030000,0.000000
0.031000,0.000000
0.032000,0.000000
0.033000,0.000000
0.034000,0.000000
0.035000,0.000000
0.036000,0.000000
0.037000,0.000000
0.038000,0.000000
0.039000,0.000000
0.040000,0.000000
0.041000,0.000000
0.042000,0.000000
0.043000,0.000000
0.044000,0.000000
0.045000,0.000000
0.046000,0.000000
0.047000,0.000000
0.048000,0.000000
0.049000,0.000000
0.050000,0.000000
0.051000,0.000000
0.052000,0.000000
0.053000,0.000000
0.054000,0.000000
0.055000,0.000000
0.056000,0.000000
0.057000,0.000000
0.058000,0.000000
0.059000,0.000000
0.060000,0.000000
0.061000,0.000000
0.062000,0.000000
0.063000,0.000000
0.064000,0.000000
0.065000,0.000000
0.066000,0.000000
0.067000,0.000000
0.068000,0.000000
0.069000,0.000000
0.070000,0.000000
0.071000,0.000000
0.072000,0.000000
0.073000,0.000000
0.074000,0.000000
0.075000,0.000000
0.076000,0.000000
0.077000,0.000000
0.078000,0.000000
0.079000,0.000000
0.080000,0.000000
0.081000,0.000000
0.082000,0.000000
0.083000,0.000000
0.084000,0.000000
0.085000,0.000000
0.086000,0.000000
0.087000,0.000000
0.088000,0.000000
0.089000,0.000000
0.090000,0.000000
0.091000,0.000000
0.092000,0.000000
0.093000,0.000000
0.094000,0.000000
0.095000,0.000000
0.096000,0.000000
0.097000,0.000000
0.098000,0.000000
0.099000,0.000000
0.100000,0.000000
0.101000,0.000000
0.102000,0.000000
0.103000,0.000000
0.104000,0.000000
0.105000,0.000000
0.106000,0.000000
0.107000,0.000000
0.108000,0.000000
0.109000,0.000000
0.110000,0.000000
0.111000,0.000000
0.112000,0.000000
0.113000,0.000000
0.114000,0.000000
0.115000,0.000000
0.116000,0.000000
0.117000,0.000000
0.118000,0.000000
0.119000,0.000000
0.120000,0.000000
0.121000,0.000000
0.122000,0.000000
0.123000,0.000000
0.124000,0.000000
0.125000,0.000000
0.126000,0.000000
0.127000,0.000000
0.128000,0.000000
0.129000,0.000000
0.130000,0.000000
0.131000,0.000000
0.132000,0.000000
0.133000,0.000000
0.134000,0.000000
0.135000,0.000000
0.136000,0.000000
0.137000,0.000000
0.138000,0.000000
0.139000,0.000000
0.140000,0.000000
0.141000,0.000000
0.142000,0.000000
0.143000,0.000000
0.144000,0.000000
0.145000,0.000000
0.146000,0.000000
0.147000,0.000000
0.148000,0.000000
0.149000,0.000000
0.150000,0.000000
0.151000,0.000000
0.152000,0.000000
0.153000,0.000000
0.154000,0.000000
0.155000,0.000000
0.156000,0.000000
0.157000,0.000000
0.158000,0.000000
0.159000,0.000000
0.160000,0.000000
0.161000,0.000000
0.162000,0.000000
0.163000,0.000000
0.164000,0.000000
0.165000,0.000000
0.166000,0.000000
0.167000,0.000000
0.168000,0.000000
0.169000,0.000000
0.170000,0.000000
0.171000,0.000000
0.172000,0.000000
0.173000,0.000000
0.174000,0.000000
0.175000,0.000000
0.176000,0.000000
0.177000,0.000000
0.178000,0.000000
0.179000,0.000000
0.180000,0.000000
0.181000,0.000000
0.182000,0.000000
0.183000,0.000000
0.184000,0.000000
0.185000,0.000000
0.186000,0.000000
0.187000,0.000000
0.188000,0.000000
0.189000,0.000000
0.190000,0.000000
0.191000,0.000000
0.192000,0.000000
0.193000,0.000000
0.194000,0.000000
0.195000,0.000000
0.196000,0.000000
0.197000,0.000000
0.198000,0.000000
0.199000,0.000000
0.200000,0.000000
0.201000,0.000000
0.202000,0.000000
0.203000,0.000000
0.204000,0.000000
0.205000,0.000000
0.206000,0.000000
0.207000,0.000000
0.208000,0.000000
0.209000,0.000000
0.210000,0.000000
0.211000,0.000000
0.212000,0.000000
0.213000,0.000000
0.214000,0.000000
0.215000,0.000000
0.216000,0.000000
0.217000,0.000000
0.218000,0.000000
0.219000,0.000000
0.220000,0.000000
0.221000,0.000000
0.222000,0.000000
0.223000,0.000000
0.224000,0.000000
0.225000,0.000000
0.226000,0.000000
0.227000,0.000000
0.228000,0.000000
0.229000,0.000000
0.230000,0.000000
0.231000,0.000000
0.232000,0.000000
0.233000,0.000000
0.234000,0.000000
0.235000,0.000000
0.236000,0.000000
0.237000,0.000000
0.238000,0.000000
0.239000,0.000000
0.240000,0.000000
0.241000,0.000000
0.242000,0.000000
0.243000,0.000000
0.244000,0.000000
0.245000,0.000000
0.246000,0.000000
0.247000,0.000000
0.248000,0.000000
0.249000,0.000000
0.250000,0.000000
0.251000,0.000000
0.252000,0.000000
0.253000,0.000000
0.254000,0.000000
0.255000,0.000000
0.256000,0.000000
0.257000,0.000000
0.258000,0.000000
0.259000,0.000000
0.260000,0.000000
0.261000,0.000000
0.262000,0.000000
0.263000,0.000000
0.264000,0.000000
0.265000,0.000000
0.266000,0.000000
0.267000,0.000000
0.268000,0.000000
0.269000,0.000000
0.270000,0.000000
0.271000,0.000000
0.272000,0.000000
0.273000,0.000000
0.274000,0.000000
0.275000,0.000000
0.276000,0.000000
0.277000,0.000000
0.278000,0.000000
0.279000,0.000000
0.280000,0.000000
0.281000,0.000000
0.282000,0.000000
0.283000,0.000000
0.284000,0.000000
0.285000,0.000000
0.286000,0.000000
0.287000,0.000000
0.288000,0.000000
0.289000,0.000000
0.290000,0.000000
0.291000,0.000000
0.292000,0.000000
0.293000,0.000000
0.294000,0.000000
0.295000,0.000000
0.296000,0.000000
0.297000,0.000000
0.298000,0.000000
0.299000,0.000000
0.300000,0.000000
0.301000,0.000000
0.302000,0.000000
0.303000,0.000000
0.304000,0.000000
0.305000,0.000000
0.306000,0.000000
0.307000,0.000000
0.308000,0.000000
0.309000,0.000000
0.310000,0.000000
0.311000,0.000000
0.312000,0.000000
0.313000,0.000000
0.314000,0.000000
0.315000,0.000000
0.316000,0.000000
0.317000,0.000000
0.318000,0.000000
0.319000,0.000000
0.320000,0.000000
0.321000,0.000000
0.322000,0.000000
0.323000,0.000000
0.324000,0.000000
0.325000,0.000000
0.326000,0.000000
0.327000,0.000000
0.328000,0.000000
0.329000,0.000000
0.330000,0.000000
0.331000,0.000000
0.332000,0.000000
0.333000,0.000000
0.334000,0.000000
0.335000,0.000000
0.336000,0.000000
0.337000,0.000000
0.338000,0.000000
0.339000,0.000000
0.340000,0.000000
0.341000,0.000000
0.342000,0.000000
0.343000,0.000000
0.344000,0.000000
0.345000,0.000000
0.346000,0.000000
0.347000,0.000000
0.348000,0.000000
0.349000,0.000000
0.350000,0.000000
0.351000,0.000000
0.352000,0.000000
0.353000,0.000000
0.354000,0.000000
0.355000,0.000000
0.356000,0.000000
0.357000,0.000000
0.358000,0.000000
0.359000,0.000000
0.360000,0.000000
0.361000,0.000000
0.362000,0.000000
0.363000,0.000000
0.364000,0.000000
0.365000,0.000000
0.366000,0.000000
0.367000,0.000000
0.368000,0.000000
0.369000,0.000000
0.370000,0.000000
0.371000,0.000000
0.372000,0.000000
0.373000,0.000000
0.374000,0.000000
0.375000,0.000000
0.376000,0.000000
0.377000,0.000000
0.378000,0.000000
0.379000,0.000000
0.380000,0.000000
0.381000,0.000000
0.382000,0.000000
0.383000,0.000000
0.384000,0.000000
0.385000,0.000000
0.386000,0.000000
0.387000,0.000000
0.388000,0.000000
0.389000,0.000000
0.390000,0.000000
0.391000,0.000000
0.392000,0.000000
0.393000,0.000000
0.394000,0.000000
0.395000,0.000000
0.396000,0.000000
0.397000,0.000000
0.398000,0.000000
0.399000,0.000000
0.400000,0.000000
0.401000,0.000000
0.402000,0.000000
0.403000,0.000000
0.404000,0.000000
0.405000,0.000000
0.406000,0.000000
0.407000,0.000000
0.408000,0.000000
0.409000,0.000000
0.410000,0.000000
0.411000,0.000000
0.412000,0.000000
0.413000,0.000000
0.414000,0.000000
0.415000,0.000000
0.416000,0.000000
0.417000,0.000000
0.418000,0.000000
0.419000,0.000000
0.420000,0.000000
0.421000,0.000000
0.422000,0.000000
0.423000,0.000000
0.424000,0.000000
0.425000,0.000000
0.426000,0.000000
0.427000,0.000000
0.428000,0.000000
0.429000,0.000000
0.430000,0.000000
0.431000,0.000000
0.432000,0.000000
0.433000,0.000000
0.434000,0.000000
0.435000,0.000000
0.436000,0.000000
0.437000,0.000000
0.438000,0.000000
0.439000,0.000000
0.440000,0.000000
0.441000,0.000000
0.442000,0.000000
0.443000,0.000000
0.444000,0.000000
0.445000,0.000000
0.446000,0.000000
0.447000,0.000000
0.448000,0.000000
0.449000,0.000000
0.450000,0.000000
0.451000,0.000000
0.452000,0.000000
0.453000,0.000000
0.454000,0.000000
0.455000,0.000000
0.456000,0.000000
0.457000,0.000000
0.458000,0.000000
0.459000,0.000000
0.460000,0.000000
0.461000,0.000000
0.462000,0.000000
0.463000,0.000000
0.464000,0.000000
0.465000,0.000000
0.466000,0.000000
0.467000,0.000000
0.468000,0.000000
0.469000,0.000000
0.470000,0.000000
0.471000,0.000000
0.472000,0.000000
0.473000,0.000000
0.474000,0.000000
0.475000,0.000000
0.476000,0.000000
0.477000,0.000000
0.478000,0.000000
0.479000,0.000000
0.480000,0.000000
0.481000,0.000000
0.482000,0.000000
0.483000,0.000000
0.484000,0.000000
0.485000,0.000000
0.486000,0.000000
0.487000,0.000000
0.488000,0.000000
0.489000,0.000000
0.490000,0.000000
0.491000,0.000000
0.492000,0.000000
0.493000,0.000000
0.494000,0.000000
0.495000,0.000000
0.496000,0.000000
0.497000,0.000000
0.498000,0.000000
0.499000,0.000000
0.500000,0.000000
0.501000,0.000000
0.502000,0.000000
0.503000,0.000000
0.504000,0.000000
0.505000,0.000000
0.506000,0.000000
0.507000,0.000000
0.508000,0.000000
0.509000,0.000000
0.510000,0.000000
0.511000,0.000000
0.512000,0.000000
0.513000,0.000000
0.514000,0.000000
0.515000,0.000000
0.516000,0.000000
0.517000,0.000000
0.518000,0.000000
0.519000,0.000000
0.520000,0.000000
0.521000,0.000000
0.522000,0.000000
0.523000,0.000000
0.524000,0.000000
0.525000,0.000000
0.526000,0.000000
0.527000,0.000000
0.528000,0.000000
0.529000,0.000000
0.530000,0.000000
0.531000,0.000000
0.532000,0.000000
0.533000,0.000000
0.534000,0.000000
0.535000,0.000000
0.536000,0.000000
0.537000,0.000000
0.538000,0.000000
0.539000,0.000000
0.540000,0.000000
0.541000,0.000000
0.542000,0.000000
0.543000,0.000000
0.544000,0.000000
0.545000,0.000000
0.546000,0.000000
0.547000,0.000000
0.548000,0.000000
0.549000,0.000000
0.550000,0.000000
0.551000,0.000000
0.552000,0.000000
0.553000,0.000000
0.554000,0.000000
0.555000,0.000000
0.556000,0.000000
0.557000,0.000000
0.558000,0.000000
0.559000,0.000000
0.560000,0.000000
0.561000,0.000000
0.562000,0.000000
0.563000,0.000000
0.564000,0.000000
0.565000,0.000000
0.566000,0.000000
0.567000,0.000000
0.568000,0.000000
0.569000,0.000000
0.570000,0.000000
0.571000,0.000000
0.572000,0.000000
0.573000,0.000000
0.574000,0.000000
0.575000,0.000000
0.576000,0.000000
0.577000,0.000000
0.578000,0.000000
0.579000,0.000000
0.580000,0.000000
0.581000,0.000000
0.582000,0.000000
0.583000,0.000000
0.584000,0.000000
0.585000,0.000000
0.586000,0.000000
0.587000,0.000000
0.588000,0.000000
0.589000,0.000000
0.590000,0.000000
0.591000,0.000000
0.592000,0.000000
0.593000,0.000000
0.594000,0.000000
0.595000,0.000000
0.596000,0.000000
0.597000,0.000000
0.598000,0.000000
0.599000,0.000000
0.600000,0.000000
0.601000,0.000000
0.602000,0.000000
0.603000,0.000000
0.604000,0.000000
0.605000,0.000000
0.606000,0.000000
0.607000,0.000000
0.608000,0.000000
0.609000,0.000000
0.610000,0.000000
0.611000,0.000000
0.612000,0.000000
0.613000,0.000000
0.614000,0.000000
0.615000,0.000000
0.616000,0.000000
0.617000,0.000000
0.618000,0.000000
0.619000,0.000000
0.620000,0.000000
0.621000,0.000000
0.622000,0.000000
0.623000,0.000000
0.624000,0.000000
0.625000,0.000000
0.626000,0.000000
0.627000,0.000000
0.628000,0.000000
0.629000,0.000000
0.630000,0.000000
0.631000,0.000000
0.632000,0.000000
0.633000,0.000000
0.634000,0.000000
0.635000,0.000000
0.636000,0.000000
0.637000,0.000000
0.638000,0.000000
0.639000,0.000000
0.640000,0.000000
0.641000,0.000000
0.642000,0.000000
0.643000,0.000000
0.644000,0.000000
0.645000,0.000000
0.646000,0.000000
0.647000,0.000000
0.648000,0.000000
0.649000,0.000000
0.650000,0.000000
0.651000,0.000000
0.652000,0.000000
0.653000,0.000000
0.654000,0.000000
0.655000,0.000000
0.656000,0.000000
0.657000,0.000000
0.658000,0.000000
0.659000,0.000000
0.660000,0.000000
0.661000,0.000000
0.662000,0.000000
0.663000,0.000000
0.664000,0.000000
0.665000,0.000000
0.666000,0.000000
0.667000,0.000000
0.668000,0.000000
0.669000,0.000000
0.670000,0.000000
0.671000,0.000000
0.672000,0.000000
0.673000,0.000000
0.674000,0.000000
0.675000,0.000000
0.676000,0.000000
0.677000,0.000000
0.678000,0.000000
0.679000,0.000000
0.680000,0.000000
0.681000,0.000000
0.682000,0.000000
0.683000,0.000000
0.684000,0.000000
0.685000,0.000000
0.686000,0.000000
0.687000,0.000000
0.688000,0.000000
0.689000,0.000000
0.690000,0.000000
0.691000,0.000000
0.692000,0.000000
0.693000,0.000000
0.694000,0.000000
0.695000,0.000000
0.696000,0.000000
0.697000,0.000000
0.698000,0.000000
0.699000,0.000000
0.700000,0.000000
0.701000,0.000000
0.702000,0.000000
0.703000,0.000000
0.704000,0.000000
0.705000,0.000000
0.706000,0.000000
0.707000,0.000000
0.708000,0.000000
0.709000,0.000000
0.710000,0.000000
0.711000,0.000000
0.712000,0.000000
0.713000,0.000000
0.714000,0.000000
0.715000,0.000000
0.716000,0.000000
0.717000,0.000000
0.718000,0.000000
0.719000,0.000000
0.720000,0.000000
0.721000,0.000000
0.722000,0.000000
0.723000,0.000000
0.724000,0.000000
0.725000,0.000000
0.726000,0.000000
0.727000,0.000000
0.728000,0.000000
0.729000,0.000000
0.730000,0.000000
0.731000,0.000000
0.732000,0.000000
0.733000,0.000000
0.734000,0.000000
0.735000,0.000000
0.736000,0.000000
0.737000,0.000000
0.738000,0.000000
0.739000,0.000000
0.740000,0.000000
0.741000,0.000000
0.742000,0.000000
0.743000,0.000000
0.744000,0.000000
0.745000,0.000000
0.746000,0.000000
0.747000,0.000000
0.748000,0.000000
0.749000,0.000000
0.750000,0.000000
0.751000,0.000000
0.752000,0.000000
0.753000,0.000000
0.754000,0.000000
0.755000,0.000000
0.756000,0.000000
0.757000,0.000000
0.758000,0.000000
0.759000,0.000000
0.760000,0.000000
0.761000,0.000000
0.762000,0.000000
0.763000,0.000000
0.764000,0.000000
0.765000,0.000000
0.766000,0.000000
0.767000,0.000000
0.768000,0.000000
0.769000,0.000000
0.770000,0.000000
0.771000,0.000000
0.772000,0.000000
0.773000,0.000000
0.774000,0.000000
0.775000,0.000000
0.776000,0.000000
0.777000,0.000000
0.778000,0.000000
0.779000,0.000000
0.780000,0.000000
0.781000,0.000000
0.782000,0.000000
0.783000,0.000000
0.784000,0.000000
0.785000,0.000000
0.786000,0.000000
0.787000,0.000000
0.788000,0.000000
0.789000,0.000000
0.790000,0.000000
0.791000,0.000000
0.792000,0.000000
0.793000,0.000000
0.794000,0.000000
0.795000,0.000000
0.796000,0.000000
0.797000,0.000000
0.798000,0.000000
0.799000,0.000000
0.800000,0.000000
0.801000,0.000000
0.802000,0.000000
0.803000,0.000000
0.804000,0.000000
0.805000,0.000000
0.806000,0.000000
0.807000,0.000000
0.808000,0.000000
0.809000,0.000000
0.810000,0.000000
0.811000,0.000000
0.812000,0.000000
0.813000,0.000000
0.814000,0.000000
0.815000,0.000000
0.816000,0.000000
0.817000,0.000000
0.818000,0.000000
0.819000,0.000000
0.820000,0.000000
0.821000,0.000000
0.822000,0.000000
0.823000,0.000000
0.824000,0.000000
0.825000,0.000000
0.826000,0.000000
0.827000,0.000000
0.828000,0.000000
0.829000,0.000000
0.830000,0.000000
0.831000,0.000000
0.832000,0.000000
0.833000,0.000000
0.834000,0.000000
0.835000,0.000000
0.836000,0.000000
0.837000,0.000000
0.838000,0.000000
0.839000,0.000000
0.840000,0.000000
0.841000,0.000000
0.842000,0.000000
0.843000,0.000000
0.844000,0.000000
0.845000,0.000000
0.846000,0.000000
0.847000,0.000000
0.848000,0.000000
0.849000,0.000000
0.850000,0.000000
0.851000,0.000000
0.852000,0.000000
0.853000,0.000000
0.854000,0.000000
0.855000,0.000000
0.856000,0.000000
0.857000,0.000000
0.858000,0.000000
0.859000,0.000000
0.860000,0.000000
0.861000,0.000000
0.862000,0.000000
0.863000,0.000000
0.864000,0.000000
0.865000,0.000000
0.866000,0.000000
0.867000,0.000000
0.868000,0.000000
0.869000,0.000000
0.870000,0.000000
0.871000,0.000000
0.872000,0.000000
0.873000,0.000000
0.874000,0.000000
0.875000,0.000000
0.876000,0.000000
0.877000,0.000000
0.878000,0.000000
0.879000,0.000000
0.880000,0.000000
0.881000,0.000000
0.882000,0.000000
0.883000,0.000000
0.884000,0.000000
0.885000,0.000000
0.886000,0.000000
0.887000,0.000000
0.888000,0.000000
0.889000,0.000000
0.890000,0.000000
0.891000,0.000000
0.892000,0.000000
0.893000,0.000000
0.894000,0.000000
0.895000,0.000000
0.896000,0.000000
0.897000,0.000000
0.898000,0.000000
0.899000,0.000000
0.900000,0.000000
0.901000,0.000000
0.902000,0.000000
0.903000,0.000000
0.904000,0.000000
0.905000,0.000000
0.906000,0.000000
0.907000,0.000000
0.908000,0.000000
0.909000,0.000000
0.910000,0.000000
0.911000,0.000000
0.912000,0.000000
0.913000,0.000000
0.914000,0.000000
0.915000,0.000000
0.916000,0.000000
0.917000,0.000000
0.918000,0.000000
0.919000,0.000000
0.920000,0.000000
0.921000,0.000000
0.922000,0.000000
0.923000,0.000000
0.924000,0.000000
0.925000,0.000000
0.926000,0.000000
0.927000,0.000000
0.928000,0.000000
0.929000,0.000000
0.930000,0.000000
0.931000,0.000000
0.932000,0.000000
0.933000,0.000000
0.934000,0.000000
0.935000,0.000000
0.936000,0.000000
0.937000,0.000000
0.938000,0.000000
0.939000,0.000000
0.940000,0.000000
0.941000,0.000000
0.942000,0.000000
0.943000,0.000000
0.944000,0.000000
0.945000,0.000000
0.946000,0.000000
0.947000,0.000000
0.948000,0.000000
0.949000,0.000000
0.950000,0.000000
0.951000,0.000000
0.952000,0.000000
0.953000,0.000000
0.954000,0.000000
0.955000,0.000000
0.956000,0.000000
0.957000,0.000000
0.958000,0.000000
0.959000,0.000000
0.960000,0.000000
0.961000,0.000000
0.962000,0.000000
0.963000,0.000000
0.964000,0.000000
0.965000,0.000000
0.966000,0.000000
0.967000,0.000000
0.968000,0.000000
0.969000,0.000000
0.970000,0.000000
0.971000,0.000000
0.972000,0.000000
0.973000,0.000000
0.974000,0.000000
0.975000,0.000000
0.976000,0.000000
0.977000,0.000000
0.978000,0.000000
0.979000,0.000000
0.980000,0.000000
0.981000,0.000000
0.982000,0.000000
0.983000,0.000000
0.984000,0.000000
0.985000,0.000000
0.986000,0.000000
0.987000,0.000000
0.988000,0.000000
0.989000,0.000000
0.990000,0.000000
0.991000,0.000000
0.992000,0.000000
0.993000,0.000000
0.994000,0.000000
0.995000,0.000000
0.996000,0.000000
0.997000,0.000000
0.998000,0.000000
0.999000,0.000000
1.000000,0.000000
1.001000,0.000000
1.002000,0.000000
1.003000,0.000000
1.004000,0.000000
1.005000,0.000000
1.006000,0.000000
1.007000,0.000000
1.008000,0.000000
1.009000,0.000000
1.010000,0.000000
1.011000,0.000000
1.012000,0.000000
1.013000,0.000000
1.014000,0.000000
1.015000,0.000000
1.016000,0.000000
1.017000,0.000000
1.018000,0.000000
1.019000,0.000000
1.020000,0.000000
1.021000,0.000000
1.022000,0.000000
1.023000,0.000000
1.024000,0.000000
1.025000,0.000000
1.026000,0.000000
1.027000,0.000000
1.028000,0.000000
1.029000,0.000000
1.030000,0.000000
1.031000,0.000000
1.032000,0.000000
1.033000,0.000000
1.034000,0.000000
1.035000,0.000000
1.036000,0.000000
1.037000,0.000000
1.038000,0.000000
1.039000,0.000000
1.040000,0.000000
1.041000,0.000000
1.042000,0.000000
1.043000,0.000000
1.044000,0.000000
1.045000,0.000000
1.046000,0.000000
1.047000,0.000000
1.048000,0.000000
1.049000,0.000000
1.050000,0.000000
1.051000,0.000000
1.052000,0.000000
1.053000,0.000000
1.054000,0.000000
1.055000,0.000000
1.056000,0.000000
1.057000,0.000000
1.058000,0.000000
1.059000,0.000000
1.060000,0.000000
1.061000,0.000000
1.062000,0.000000
1.063000,0.000000
1.064000,0.000000
1.065000,0.000000
1.066000,0.000000
1.067000,0.000000
1.068000,0.000000
1.069000,0.000000
1.070000,0.000000
1.071000,0.000000
1.072000,0.000000
1.073000,0.000000
1.074000,0.000000
1.075000,0.000000
1.076000,0.000000
1.077000,0.000000
1.078000,0.000000
1.079000,0.000000
1.080000,0.000000
1.081000,0.000000
1.082000,0.000000
1.083000,0.000000
1.084000,0.000000
1.085000,0.000000
1.086000,0.000000
1.087000,0.000000
1.088000,0.000000
1.089000,0.000000
1.090000,0.000000
1.091000,0.000000
1.092000,0.000000
1.093000,0.000000
1.094000,0.000000
1.095000,0.000000
1.096000,0.000000
1.097000,0.000000
1.098000,0.000000
1.099000,0.000000
1.100000,0.000000
1.101000,0.000000
1.102000,0.000000
1.103000,0.000000
1.104000,0.000000
1.105000,0.000000
1.106000,0.000000
1.107000,0.000000
1.108000,0.000000
1.109000,0.000000
1.110000,0.000000
1.111000,0.000000
1.112000,0.000000
1.113000,0.000000
1.114000,0.000000
1.115000,0.000000
1.116000,0.000000
1.117000,0.000000
1.118000,0.000000
1.119000,0.000000
1.120000,0.000000
1.121000,0.000000
1.122000,0.000000
1.123000,0.000000
1.124000,0.000000
1.125000,0.000000
1.126000,0.000000
1.127000,0.000000
1.128000,0.000000
1.129000,0.000000
1.130000,0.000000
1.131000,0.000000
1.132000,0.000000
1.133000,0.000000
1.134000,0.000000
1.135000,0.000000
1.136000,0.000000
1.137000,0.000000
1.138000,0.000000
1.139000,0.000000
1.140000,0.000000
1.141000,0.000000
1.142000,0.000000
1.143000,0.000000
1.144000,0.000000
1.145000,0.000000
1.146000,0.000000
1.147000,0.000000
1.148000,0.000000
1.149000,0.000000
1.150000,0.000000
1.151000,0.000000
1.152000,0.000000
1.153000,0.000000
1.154000,0.000000
1.155000,0.000000
1.156000,0.000000
1.157000,0.000000
1.158000,0.000000
1.159000,0.000000
1.160000,0.000000
1.161000,0.000000
1.162000,0.000000
1.163000,0.000000
1.164000,0.000000
1.165000,0.000000
1.166000,0.000000
1.167000,0.000000
1.168000,0.000000
1.169000,0.000000
1.170000,0.000000
1.171000,0.000000
1.172000,0.000000
1.173000,0.000000
1.174000,0.000000
1.175000,0.000000
1.176000,0.000000
1.177000,0.000000
1.178000,0.000000
1.179000,0.000000
1.180000,0.000000
1.181000,0.000000
1.182000,0.000000
1.183000,0.000000
1.184000,0.000000
1.185000,0.000000
1.186000,0.000000
1.187000,0.000000
1.188000,0.000000
1.189000,0.000000
1.190000,0.000000
1.191000,0.000000
1.192000,0.000000
1.193000,0.000000
1.194000,0.000000
1.195000,0.000000
1.196000,0.000000
1.197000,0.000000
1.198000,0.000000
1.199000,0.000000
1.200000,0.000000
1.201000,0.000000
1.202000,0.000000
1.203000,0.000000
1.204000,0.000000
1.205000,0.000000
1.206000,0.000000
1.207000,0.000000
1.208000,0.000000
1.209000,0.000000
1.210000,0.000000
1.211000,0.000000
1.212000,0.000000
1.213000,0.000000
1.214000,0.000000
1.215000,0.000000
1.216000,0.000000
1.217000,0.000000
1.218000,0.000000
1.219000,0.000000
1.220000,0.000000
1.221000,0.000000
1.222000,0.000000
1.223000,0.000000
1.224000,0.000000
1.225000,0.000000
1.226000,0.000000
1.227000,0.000000
1.228000,0.000000
1.229000,0.000000
1.230000,0.000000
1.231000,0.000000
1.232000,0.000000
1.233000,0.000000
1.234000,0.000000
1.235000,0.000000
1.236000,0.000000
1.237000,0.000000
1.238000,0.000000
1.239000,0.000000
1.240000,0.000000
1.241000,0.000000
1.242000,0.000000
1.243000,0.000000
1.244000,0.000000
1.245000,0.000000
1.246000,0.000000
1.247000,0.000000
1.248000,0.000000
1.249000,0.000000
1.250000,0.000000
1.251000,0.000000
1.252000,0.000000
1.253000,0.000000
1.254000,0.000000
1.255000,0.000000
1.256000,0.000000
1.257000,0.000000
1.258000,0.000000
1.259000,0.000000
1.260000,0.000000
1.261000,0.000000
1.262000,0.000000
1.263000,0.000000
1.264000,0.000000
1.265000,0.000000
1.266000,0.000000
1.267000,0.000000
1.268000,0.000000
1.269000,0.000000
1.270000,0.000000
1.271000,0.000000
1.272000,0.000000
1.273000,0.000000
1.274000,0.000000
1.275000,0.000000
1.276000,0.000000
1.277000,0.000000
1.278000,0.000000
1.279000,0.000000
1.280000,0.000000
1.281000,0.000000
1.282000,0.000000
1.283000,0.000000
1.284000,0.000000
1.285000,0.000000
1.286000,0.000000
1.287000,0.000000
1.288000,0.000000
1.289000,0.000000
1.290000,0.000000
1.291000,0.000000
1.292000,0.000000
1.293000,0.000000
1.294000,0.000000
1.295000,0.000000
1.296000,0.000000
1.297000,0.000000
1.298000,0.000000
1.299000,0.000000
1.300000,0.000000
1.301000,0.000000
1.302000,0.000000
1.303000,0.000000
1.304000,0.000000
1.305000,0.000000
1.306000,0.000000
1.307000,0.000000
1.308000,0.000000
1.309000,0.000000
1.310000,0.000000
1.311000,0.000000
1.312000,0.000000
1.313000,0.000000
1.314000,0.000000
1.315000,0.000000
1.316000,0.000000
1.317000,0.000000
1.318000,0.000000
1.319000,0.000000
1.320000,0.000000
1.321000,0.000000
1.322000,0.000000
1.323000,0.000000
1.324000,0.000000
1.325000,0.000000
1.326000,0.000000
1.327000,0.000000
1.328000,0.000000
1.329000,0.000000
1.330000,0.000000
1.331000,0.000000
1.332000,0.000000
1.333000,0.000000
1.334000,0.000000
1.335000,0.000000
1.336000,0.000000
1.337000,0.000000
1.338000,0.000000
1.339000,0.000000
1.340000,0.000000
1.341000,0.000000
1.342000,0.000000
1.343000,0.000000
1.344000,0.000000
1.345000,0.000000
1.346000,0.000000
1.347000,0.000000
1.348000,0.000000
1.349000,0.000000
1.350000,0.000000
1.351000,0.000000
1.352000,0.000000
1.353000,0.000000
1.354000,0.000000
1.355000,0.000000
1.356000,0.000000
1.357000,0.000000
1.358000,0.000000
1.359000,0.000000
1.360000,0.000000
1.361000,0.000000
1.362000,0.000000
1.363000,0.000000
1.364000,0.000000
1.365000,0.000000
1.366000,0.000000
1.367000,0.000000
1.368000,0.000000
1.369000,0.000000
1.370000,0.000000
1.371000,0.000000
1.372000,0.000000
1.373000,0.000000
1.374000,0.000000
1.375000,0.000000
1.376000,0.000000
1.377000,0.000000
1.378000,0.000000
1.379000,0.000000
1.380000,0.000000
1.381000,0.000000
1.382000,0.000000
1.383000,0.000000
1.384000,0.000000
1.385000,0.000000
1.386000,0.000000
1.387000,0.000000
1.388000,0.000000
1.389000,0.000000
1.390000,0.000000
1.391000,0.000000
1.392000,0.000000
1.393000,0.000000
1.394000,0.000000
1.395000,0.000000
1.396000,0.000000
1.397000,0.000000
1.398000,0.000000
1.399000,0.000000
1.400000,0.000000
1.401000,0.000000
1.402000,0.000000
1.403000,0.000000
1.404000,0.000000
1.405000,0.000000
1.406000,0.000000
1.407000,0.000000
1.408000,0.000000
1.409000,0.000000
1.410000,0.000000
1.411000,0.000000
1.412000,0.000000
1.413000,0.000000
1.414000,0.000000
1.415000,0.000000
1.416000,0.000000
1.417000,0.000000
1.418000,0.000000
1.419000,0.000000
1.420000,0.000000
1.421000,0.000000
1.422000,0.000000
1.423000,0.000000
1.424000,0.000000
1.425000,0.000000
1.426000,0.000000
1.427000,0.000000
1.428000,0.000000
1.429000,0.000000
1.430000,0.000000
1.431000,0.000000
1.432000,0.000000
1.433000,0.000000
1.434000,0.000000
1.435000,0.000000
1.436000,0.000000
1.437000,0.000000
1.438000,0.000000
1.439000,0.000000
1.440000,0.000000
1.441000,0.000000
1.442000,0.000000
1.443000,0.000000
1.444000,0.000000
1.445000,0.000000
1.446000,0.000000
1.447000,0.000000
1.448000,0.000000
1.449000,0.000000
1.450000,0.000000
1.451000,0.000000
1.452000,0.000000
1.453000,0.000000
1.454000,0.000000
1.455000,0.000000
1.456000,0.000000
1.457000,0.000000
1.458000,0.000000
1.459000,0.000000
1.460000,0.000000
1.461000,0.000000
1.462000,0.000000
1.463000,0.000000
1.464000,0.000000
1.465000,0.000000
1.466000,0.000000
1.467000,0.000000
1.468000,0.000000
1.469000,0.000000
1.470000,0.000000
1.471000,0.000000
1.472000,0.000000
1.473000,0.000000
1.474000,0.000000
1.475000,0.000000
1.476000,0.000000
1.477000,0.000000
1.478000,0.000000
1.479000,0.000000
1.480000,0.000000
1.481000,0.000000
1.482000,0.000000
1.483000,0.000000
1.484000,0.000000
1.485000,0.000000
1.486000,0.000000
1.487000,0.000000
1.488000,0.000000
1.489000,0.000000
1.490000,0.000000
1.491000,0.000000
1.492000,0.000000
1.493000,0.000000
1.494000,0.000000
1.495000,0.000000
1.496000,0.000000
1.497000,0.000000
1.498000,0.000000
1.499000,0.000000
1.500000,0.000000
1.501000,0.000000
1.502000,0.000000
1.503000,0.000000
1.504000,0.000000
1.505000,0.000000
1.506000,0.000000
1.507000,0.000000
1.508000,0.000000
1.509000,0.000000
1.510000,0.000000
1.511000,0.000000
1.512000,0.000000
1.513000,0.000000
1.514000,0.000000
1.515000,0.000000
1.516000,0.000000
1.517000,0.000000
1.518000,0.000000
1.519000,0.000000
1.520000,0.000000
1.521000,0.000000
1.522000,0.000000
1.523000,0.000000
1.524000,0.000000
1.525000,0.000000
1.526000,0.000000
1.527000,0.000000
1.528000,0.000000
1.529000,0.000000
1.530000,0.000000
1.531000,0.000000
1.532000,0.000000
1.533000,0.000000
1.534000,0.000000
1.535000,0.000000
1.536000,0.000000
1.537000,0.000000
1.538000,0.000000
1.539000,0.000000
1.540000,0.000000
1.541000,0.000000
1.542000,0.000000
1.543000,0.000000
1.544000,0.000000
1.545000,0.000000
1.546000,0.000000
1.547000,0.000000
1.548000,0.000000
1.549000,0.000000
1.550000,0.000000
1.551000,0.000000
1.552000,0.000000
1.553000,0.000000
1.554000,0.000000
1.555000,0.000000
1.556000,0.000000
1.557000,0.000000
1.558000,0.000000
1.559000,0.000000
1.560000,0.000000
1.561000,0.000000
1.562000,0.000000
1.563000,0.000000
1.564000,0.000000
1.565000,0.000000
1.566000,0.000000
1.567000,0.000000
1.568000,0.000000
1.569000,0.000000
1.570000,0.000000
1.571000,0.000000
1.572000,0.000000
1.573000,0.000000
1.574000,0.000000
1.575000,0.000000
1.576000,0.000000
1.577000,0.000000
1.578000,0.000000
1.579000,0.000000
1.580000,0.000000
1.581000,0.000000
1.582000,0.000000
1.583000,0.000000
1.584000,0.000000
1.585000,0.000000
1.586000,0.000000
1.587000,0.000000
1.588000,0.000000
1.589000,0.000000
1.590000,0.000000
1.591000,0.000000
1.592000,0.000000
1.593000,0.000000
1.594000,0.000000
1.595000,0.000000
1.596000,0.000000
1.597000,0.000000
1.598000,0.000000
1.599000,0.000000
1.600000,0.000000
1.601000,0.000000
1.602000,0.000000
1.603000,0.000000
1.604000,0.000000
1.605000,0.000000
1.606000,0.000000
1.607000,0.000000
1.608000,0.000000
1.609000,0.000000
1.610000,0.000000
1.611000,0.000000
1.612000,0.000000
1.613000,0.000000
1.614000,0.000000
1.615000,0.000000
1.616000,0.000000
1.617000,0.000000
1.618000,0.000000
1.619000,0.000000
1.620000,0.000000
1.621000,0.000000
1.622000,0.000000
1.623000,0.000000
1.624000,0.000000
1.625000,0.000000
1.626000,0.000000
1.627000,0.000000
1.628000,0.000000
1.629000,0.000000
1.630000,0.000000
1.631000,0.000000
1.632000,0.000000
1.633000,0.000000
1.634000,0.000000
1.635000,0.000000
1.636000,0.000000
1.637000,0.000000
1.638000,0.000000
1.639000,0.000000
1.640000,0.000000
1.641000,0.000000
1.642000,0.000000
1.643000,0.000000
1.644000,0.000000
1.645000,0.000000
1.646000,0.000000
1.647000,0.000000
1.648000,0.000000
1.649000,0.000000
1.650000,0.000000
1.651000,0.000000
1.652000,0.000000
1.653000,0.000000
1.654000,0.000000
1.655000,0.000000
1.656000,0.000000
1.657000,0.000000
1.658000,0.000000
1.659000,0.000000
1.660000,0.000000
1.661000,0.000000
1.662000,0.000000
1.663000,0.000000
1.664000,0.000000
1.665000,0.000000
1.666000,0.000000
1.667000,0.000000
1.668000,0.000000
1.669000,0.000000
1.670000,0.000000
1.671000,0.000000
1.672000,0.000000
1.673000,0.000000
1.674000,0.000000
1.675000,0.000000
1.676000,0.000000
1.677000,0.000000
1.678000,0.000000
1.679000,0.000000
1.680000,0.000000
1.681000,0.000000
1.682000,0.000000
1.683000,0.000000
1.684000,0.000000
1.685000,0.000000
1.686000,0.000000
1.687000,0.000000
1.688000,0.000000
1.689000,0.000000
1.690000,0.000000
1.691000,0.000000
1.692000,0.000000
1.693000,0.000000
1.694000,0.000000
1.695000,0.000000
1.696000,0.000000
1.697000,0.000000
1.698000,0.000000
1.699000,0.000000
1.700000,0.000000
1.701000,0.000000
1.702000,0.000000
1.703000,0.000000
1.704000,0.000000
1.705000,0.000000
1.706000,0.000000
1.707000,0.000000
1.708000,0.000000
1.709000,0.000000
1.710000,0.000000
1.711000,0.000000
1.712000,0.000000
1.713000,0.000000
1.714000,0.000000
1.715000,0.000000
1.716000,0.000000
1.717000,0.000000
1.718000,0.000000
1.719000,0.000000
1.720000,0.000000
1.721000,0.000000
1.722000,0.000000
1.723000,0.000000
1.724000,0.000000
1.725000,0.000000
1.726000,0.000000
1.727000,0.000000
1.728000,0.000000
1.729000,0.000000
1.730000,0.000000
1.731000,0.000000
1.732000,0.000000
1.733000,0.000000
1.734000,0.000000
1.735000,0.000000
1.736000,0.000000
1.737000,0.000000
1.738000,0.000000
1.739000,0.000000
1.740000,0.000000
1.741000,0.000000
1.742000,0.000000
1.743000,0.000000
1.744000,0.000000
1.745000,0.000000
1.746000,0.000000
1.747000,0.000000
1.748000,0.000000
1.749000,0.000000
1.750000,0.000000
1.751000,0.000000
1.752000,0.000000
1.753000,0.000000
1.754000,0.000000
1.755000,0.000000
1.756000,0.000000
1.757000,0.000000
1.758000,0.000000
1.759000,0.000000
1.760000,0.000000
1.761000,0.000000
1.762000,0.000000
1.763000,0.000000
1.764000,0.000000
1.765000,0.000000
1.766000,0.000000
1.767000,0.000000
1.768000,0.000000
1.769000,0.000000
1.770000,0.000000
1.771000,0.000000
1.772000,0.000000
1.773000,0.000000
1.774000,0.000000
1.775000,0.000000
1.776000,0.000000
1.777000,0.000000
1.778000,0.000000
1.779000,0.000000
1.780000,0.000000
1.781000,0.000000
1.782000,0.000000
1.783000,0.000000
1.784000,0.000000
1.785000,0.000000
1.786000,0.000000
1.787000,0.000000
1.788000,0.000000
1.789000,0.000000
1.790000,0.000000
1.791000,0.000000
1.792000,0.000000
1.793000,0.000000
1.794000,0.000000
1.795000,0.000000
1.796000,0.000000
1.797000,0.000000
1.798000,0.000000
1.799000,0.000000
1.800000,0.000000
1.801000,0.000000
1.802000,0.000000
1.803000,0.000000
1.804000,0.000000
1.805000,0.000000
1.806000,0.000000
1.807000,0.000000
1.808000,0.000000
1.809000,0.000000
1.810000,0.000000
1.811000,0.000000
1.812000,0.000000
1.813000,0.000000
1.814000,0.000000
1.815000,0.000000
1.816000,0.000000
1.817000,0.000000
1.818000,0.000000
1.819000,0.000000
1.820000,0.000000
1.821000,0.000000
1.822000,0.000000
1.823000,0.000000
1.824000,0.000000
1.825000,0.000000
1.826000,0.000000
1.827000,0.000000
1.828000,0.000000
1.829000,0.000000
1.830000,0.000000
1.831000,0.000000
1.832000,0.000000
1.833000,0.000000
1.834000,0.000000
1.835000,0.000000
1.836000,0.000000
1.837000,0.000000
1.838000,0.000000
1.839000,0.000000
1.840000,0.000000
1.841000,0.000000
1.842000,0.000000
1.843000,0.000000
1.844000,0.000000
1.845000,0.000000
1.846000,0.000000
1.847000,0.000000
1.848000,0.000000
1.849000,0.000000
1.850000,0.000000
1.851000,0.000000
1.852000,0.000000
1.853000,0.000000
1.854000,0.000000
1.855000,0.000000
1.856000,0.000000
1.857000,0.000000
1.858000,0.000000
1.859000,0.000000
1.860000,0.000000
1.861000,0.000000
1.862000,0.000000
1.863000,0.000000
1.864000,0.000000
1.865000,0.000000
1.866000,0.000000
1.867000,0.000000
1.868000,0.000000
1.869000,0.000000
1.870000,0.000000
1.871000,0.000000
1.872000,0.000000
1.873000,0.000000
1.874000,0.000000
1.875000,0.000000
1.876000,0.000000
1.877000,0.000000
1.878000,0.000000
1.879000,0.000000
1.880000,0.000000
1.881000,0.000000
1.882000,0.000000
1.883000,0.000000
1.884000,0.000000
1.885000,0.000000
1.886000,0.000000
1.887000,0.000000
1.888000,0.000000
1.889000,0.000000
1.890000,0.000000
1.891000,0.000000
1.892000,0.000000
1.893000,0.000000
1.894000,0.000000
1.895000,0.000000
1.896000,0.000000
1.897000,0.000000
1.898000,0.000000
1.899000,0.000000
1.900000,0.000000
1.901000,0.000000
1.902000,0.000000
1.903000,0.000000
1.904000,0.000000
1.905000,0.000000
1.906000,0.000000
1.907000,0.000000
1.908000,0.000000
1.909000,0.000000
1.910000,0.000000
1.911000,0.000000
1.912000,0.000000
1.913000,0.000000
1.914000,0.000000
1.915000,0.000000
1.916000,0.000000
1.917000,0.000000
1.918000,0.000000
1.919000,0.000000
1.920000,0.000000
1.921000,0.000000
1.922000,0.000000
1.923000,0.000000
1.924000,0.000000
1.925000,0.000000
1.926000,0.000000
1.927000,0.000000
1.928000,0.000000
1.929000,0.000000
1.930000,0.000000
1.931000,0.000000
1.932000,0.000000
1.933000,0.000000
1.934000,0.000000
1.935000,0.000000
1.936000,0.000000
1.937000,0.000000
1.938000,0.000000
1.939000,0.000000
1.940000,0.000000
1.941000,0.000000
1.942000,0.000000
1.943000,0.000000
1.944000,0.000000
1.945000,0.000000
1.946000,0.000000
1.947000,0.000000
1.948000,0.000000
1.949000,0.000000
1.950000,0.000000
1.951000,0.000000
1.952000,0.000000
1.953000,0.000000
1.954000,0.000000
1.955000,0.000000
1.956000,0.000000
1.957000,0.000000
1.958000,0.000000
1.959000,0.000000
1.960000,0.000000
1.961000,0.000000
1.962000,0.000000
1.963000,0.000000
1.964000,0.000000
1.965000,0.000000
1.966000,0.000000
1.967000,0.000000
1.968000,0.000000
1.969000,0.000000
1.970000,0.000000
1.971000,0.000000
1.972000,0.000000
1.973000,0.000000
1.974000,0.000000
1.975000,0.000000
1.976000,0.000000
1.977000,0.000000
1.978000,0.000000
1.979000,0.000000
1.980000,0.000000
1.981000,0.000000
1.982000,0.000000
1.983000,0.000000
1.984000,0.000000
1.985000,0.000000
1.986000,0.000000
1.987000,0.000000
1.988000,0.000000
1.989000,0.000000
1.990000,0.000000
1.991000,0.000000
1.992000,0.000000
1.993000,0.000000
1.994000,0.000000
1.995000,0.000000
1.996000,0.000000
1.997000,0.000000
1.998000,0.000000
1.999000,0.000000
2.000000,0.000000
2.001000,0.002193
2.002000,0.008773
2.003000,0.019738
2.004000,0.035087
2.005000,0.054819
2.006000,0.078931
2.007000,0.107421
2.008000,0.140286
2.009000,0.177521
2.010000,0.219124
2.011000,0.265089
2.012000,0.315412
2.013000,0.370086
2.014000,0.429107
2.015000,0.492466
2.016000,0.560159
2.017000,0.632176
2.018000,0.708510
2.019000,0.789153
2.020000,0.874096
2.021000,0.963330
2.022000,1.056844
2.023000,1.154629
2.024000,1.256674
2.025000,1.362967
2.026000,1.473497
2.027000,1.588253
2.028000,1.707220
2.029000,1.830387
2.030000,1.957739
2.031000,2.089264
2.032000,2.224945
2.033000,2.364769
2.034000,2.508720
2.035000,2.656783
2.036000,2.808941
2.037000,2.965177
2.038000,3.125474
2.039000,3.289815
2.040000,3.458182
2.041000,3.630556
2.042000,3.806918
2.043000,3.987249
2.044000,4.171530
2.045000,4.359739
2.046000,4.551857
2.047000,4.747862
2.048000,4.947733
2.049000,5.151448
2.050000,5.358984
2.051000,5.570319
2.052000,5.785430
2.053000,6.004292
2.054000,6.226883
2.055000,6.453177
2.056000,6.683150
2.057000,6.916777
2.058000,7.154032
2.059000,7.394888
2.060000,7.639320
2.061000,7.887301
2.062000,8.138803
2.063000,8.393800
2.064000,8.652262
2.065000,8.914162
2.066000,9.179470
2.067000,9.448159
2.068000,9.720198
2.069000,9.995557
2.070000,10.274207
2.071000,10.556117
2.072000,10.841255
2.073000,11.129591
2.074000,11.421093
2.075000,11.715729
2.076000,12.013466
2.077000,12.314273
2.078000,12.618116
2.079000,12.924961
2.080000,13.234776
2.081000,13.547525
2.082000,13.863176
2.083000,14.181692
2.084000,14.503040
2.085000,14.827184
2.086000,15.154089
2.087000,15.483718
2.088000,15.816035
2.089000,16.151005
2.090000,16.488590
2.091000,16.828753
2.092000,17.171457
2.093000,17.516665
2.094000,17.864338
2.095000,18.214439
2.096000,18.566928
2.097000,18.921768
2.098000,19.278920
2.099000,19.638343
2.100000,20.000000
2.101000,20.363850
2.102000,20.729853
2.103000,21.097969
2.104000,21.468159
2.105000,21.840380
2.106000,22.214593
2.107000,22.590756
2.108000,22.968828
2.109000,23.348768
2.110000,23.730534
2.111000,24.114084
2.112000,24.499377
2.113000,24.886369
2.114000,25.275018
2.115000,25.665282
2.116000,26.057118
2.117000,26.450483
2.118000,26.845334
2.119000,27.241628
2.120000,27.639320
2.121000,28.038368
2.122000,28.438728
2.123000,28.840356
2.124000,29.243207
2.125000,29.647238
2.126000,30.052405
2.127000,30.458662
2.128000,30.865965
2.129000,31.274270
2.130000,31.683532
2.131000,32.093706
2.132000,32.504747
2.133000,32.916610
2.134000,33.329250
2.135000,33.742621
2.136000,34.156679
2.137000,34.571377
2.138000,34.986671
2.139000,35.402514
2.140000,35.818861
2.141000,36.235667
2.142000,36.652886
2.143000,37.070472
2.144000,37.488379
2.145000,37.906562
2.146000,38.324974
2.147000,38.743570
2.148000,39.162303
2.149000,39.581129
2.150000,40.000000
2.151000,40.418871
2.152000,40.837697
2.153000,41.256430
2.154000,41.675026
2.155000,42.093438
2.156000,42.511621
2.157000,42.929528
2.158000,43.347114
2.159000,43.764333
2.160000,44.181139
2.161000,44.597486
2.162000,45.013329
2.163000,45.428623
2.164000,45.843321
2.165000,46.257379
2.166000,46.670750
2.167000,47.083390
2.168000,47.495253
2.169000,47.906294
2.170000,48.316468
2.171000,48.725730
2.172000,49.134035
2.173000,49.541338
2.174000,49.947595
2.175000,50.352762
2.176000,50.756793
2.177000,51.159644
2.178000,51.561272
2.179000,51.961632
2.180000,52.360680
2.181000,52.758372
2.182000,53.154666
2.183000,53.549517
2.184000,53.942882
2.185000,54.334718
2.186000,54.724982
2.187000,55.113631
2.188000,55.500623
2.189000,55.885916
2.190000,56.269466
2.191000,56.651232
2.192000,57.031172
2.193000,57.409244
2.194000,57.785407
2.195000,58.159620
2.196000,58.531841
2.197000,58.902031
2.198000,59.270147
2.199000,59.636150
2.200000,60.000000
2.201000,60.361657
2.202000,60.721080
2.203000,61.078232
2.204000,61.433072
2.205000,61.785561
2.206000,62.135662
2.207000,62.483335
2.208000,62.828543
2.209000,63.171247
2.210000,63.511410
2.211000,63.848995
2.212000,64.183965
2.213000,64.516282
2.214000,64.845911
2.215000,65.172816
2.216000,65.496960
2.217000,65.818308
2.218000,66.136824
2.219000,66.452475
2.220000,66.765224
2.221000,67.075039
2.222000,67.381884
2.223000,67.685727
2.224000,67.986534
2.225000,68.284271
2.226000,68.578907
2.227000,68.870409
2.228000,69.158745
2.229000,69.443883
2.230000,69.725793
2.231000,70.004443
2.232000,70.279802
2.233000,70.551841
2.234000,70.820530
2.235000,71.085838
2.236000,71.347738
2.237000,71.606200
2.238000,71.861197
2.239000,72.112699
2.240000,72.360680
2.241000,72.605112
2.242000,72.845968
2.243000,73.083223
2.244000,73.316850
2.245000,73.546823
2.246000,73.773117
2.247000,73.995708
2.248000,74.214570
2.249000,74.429681
2.250000,74.641016
2.251000,74.848552
2.252000,75.052267
2.253000,75.252138
2.254000,75.448143
2.255000,75.640261
2.256000,75.828470
2.257000,76.012751
2.258000,76.193082
2.259000,76.369444
2.260000,76.541818
2.261000,76.710185
2.262000,76.874526
2.263000,77.034823
2.264000,77.191059
2.265000,77.343217
2.266000,77.491280
2.267000,77.635231
2.268000,77.775055
2.269000,77.910736
2.270000,78.042261
2.271000,78.169613
2.272000,78.292780
2.273000,78.411747
2.274000,78.526503
2.275000,78.637033
2.276000,78.743326
2.277000,78.845371
2.278000,78.943156
2.279000,79.036670
2.280000,79.125904
2.281000,79.210847
2.282000,79.291490
2.283000,79.367824
2.284000,79.439841
2.285000,79.507534
2.286000,79.570893
2.287000,79.629914
2.288000,79.684588
2.289000,79.734911
2.290000,79.780876
2.291000,79.822479
2.292000,79.859714
2.293000,79.892579
2.294000,79.921069
2.295000,79.945181
2.296000,79.964913
2.297000,79.980262
2.298000,79.991227
2.299000,79.997807
2.300000,80.000000
2.301000,79.996842
2.302000,79.987368
2.303000,79.971579
2.304000,79.949478
2.305000,79.921069
2.306000,79.886356
2.307000,79.845344
2.308000,79.798041
2.309000,79.744452
2.310000,79.684588
2.311000,79.618457
2.312000,79.546070
2.313000,79.467438
2.314000,79.382573
2.315000,79.291490
2.316000,79.194202
2.317000,79.090725
2.318000,78.981075
2.319000,78.865269
2.320000,78.743326
2.321000,78.615266
2.322000,78.481107
2.323000,78.340872
2.324000,78.194582
2.325000,78.042261
2.326000,77.883932
2.327000,77.719621
2.328000,77.549354
2.329000,77.373158
2.330000,77.191059
2.331000,77.003088
2.332000,76.809274
2.333000,76.609647
2.334000,76.404239
2.335000,76.193082
2.336000,75.976210
2.337000,75.753657
2.338000,75.525458
2.339000,75.291649
2.340000,75.052267
2.341000,74.807350
2.342000,74.556937
2.343000,74.301066
2.344000,74.039779
2.345000,73.773117
2.346000,73.501122
2.347000,73.223836
2.348000,72.941304
2.349000,72.653570
2.350000,72.360680
2.351000,72.062679
2.352000,71.759616
2.353000,71.451537
2.354000,71.138492
2.355000,70.820530
2.356000,70.497700
2.357000,70.170055
2.358000,69.837646
2.359000,69.500525
2.360000,69.158745
2.361000,68.812361
2.362000,68.461427
2.363000,68.105999
2.364000,67.746132
2.365000,67.381884
2.366000,67.013312
2.367000,66.640475
2.368000,66.263430
2.369000,65.882238
2.370000,65.496960
2.371000,65.107654
2.372000,64.714385
2.373000,64.317212
2.374000,63.916199
2.375000,63.511410
2.376000,63.102908
2.377000,62.690758
2.378000,62.275025
2.379000,61.855774
2.380000,61.433072
2.381000,61.006985
2.382000,60.577581
2.383000,60.144928
2.384000,59.709094
2.385000,59.270147
2.386000,58.828157
2.387000,58.383194
2.388000,57.935329
2.389000,57.484631
2.390000,57.031172
2.391000,56.575023
2.392000,56.116257
2.393000,55.654947
2.394000,55.191164
2.395000,54.724982
2.396000,54.256475
2.397000,53.785717
2.398000,53.312782
2.399000,52.837744
2.400000,52.360680
2.401000,51.881663
2.402000,51.400770
2.403000,50.918077
2.404000,50.433660
2.405000,49.947595
2.406000,49.459960
2.407000,48.970830
2.408000,48.480284
2.409000,47.988399
2.410000,47.495253
2.411000,47.000922
2.412000,46.505487
2.413000,46.009024
2.414000,45.511612
2.415000,45.013329
2.416000,44.514255
2.417000,44.014469
2.418000,43.514048
2.419000,43.013072
2.420000,42.511621
2.421000,42.009773
2.422000,41.507607
2.423000,41.005204
2.424000,40.502642
2.425000,40.000000
2.426000,39.497358
2.427000,38.994796
2.428000,38.492393
2.429000,37.990227
2.430000,37.488379
2.431000,36.986928
2.432000,36.485952
2.433000,35.985531
2.434000,35.485745
2.435000,34.986671
2.436000,34.488388
2.437000,33.990976
2.438000,33.494513
2.439000,32.999078
2.440000,32.504747
2.441000,32.011601
2.442000,31.519716
2.443000,31.029170
2.444000,30.540040
2.445000,30.052405
2.446000,29.566340
2.447000,29.081923
2.448000,28.599230
2.449000,28.118337
2.450000,27.639320
2.451000,27.162256
2.452000,26.687218
2.453000,26.214283
2.454000,25.743525
2.455000,25.275018
2.456000,24.808836
2.457000,24.345053
2.458000,23.883743
2.459000,23.424977
2.460000,22.968828
2.461000,22.515369
2.462000,22.064671
2.463000,21.616806
2.464000,21.171843
2.465000,20.729853
2.466000,20.290906
2.467000,19.855072
2.468000,19.422419
2.469000,18.993015
2.470000,18.566928
2.471000,18.144226
2.472000,17.724975
2.473000,17.309242
2.474000,16.897092
2.475000,16.488590
2.476000,16.083801
2.477000,15.682788
2.478000,15.285615
2.479000,14.892346
2.480000,14.503040
2.481000,14.117762
2.482000,13.736570
2.483000,13.359525
2.484000,12.986688
2.485000,12.618116
2.486000,12.253868
2.487000,11.894001
2.488000,11.538573
2.489000,11.187639
2.490000,10.841255
2.491000,10.499475
2.492000,10.162354
2.493000,9.829945
2.494000,9.502300
2.495000,9.179470
2.496000,8.861508
2.497000,8.548463
2.498000,8.240384
2.499000,7.937321
2.500000,7.639320
2.501000,7.346430
2.502000,7.058696
2.503000,6.776164
2.504000,6.498878
2.505000,6.226883
2.506000,5.960221
2.507000,5.698934
2.508000,5.443063
2.509000,5.192650
2.510000,4.947733
2.511000,4.708351
2.512000,4.474542
2.513000,4.246343
2.514000,4.023790
2.515000,3.806918
2.516000,3.595761
2.517000,3.390353
2.518000,3.190726
2.519000,2.996912
2.520000,2.808941
2.521000,2.626842
2.522000,2.450646
2.523000,2.280379
2.524000,2.116068
2.525000,1.957739
2.526000,1.805418
2.527000,1.659128
2.528000,1.518893
2.529000,1.384734
2.530000,1.256674
2.531000,1.134731
2.532000,1.018925
2.533000,0.909275
2.534000,0.805798
2.535000,0.708510
2.536000,0.617427
2.537000,0.532562
2.538000,0.453930
2.539000,0.381543
2.540000,0.315412
2.541000,0.255548
2.542000,0.201959
2.543000,0.154656
2.544000,0.113644
2.545000,0.078931
2.546000,0.050522
2.547000,0.028421
2.548000,0.012632
2.549000,0.003158
2.550000,-0.000000
2.551000,-0.004737
2.552000,-0.018949
2.553000,-0.042632
2.554000,-0.075783
2.555000,-0.118396
2.556000,-0.170466
2.557000,-0.231983
2.558000,-0.302939
2.559000,-0.383321
2.560000,-0.473118
2.561000,-0.572314
2.562000,-0.680895
2.563000,-0.798843
2.564000,-0.926140
2.565000,-1.062765
2.566000,-1.208697
2.567000,-1.363913
2.568000,-1.528388
2.569000,-1.702096
2.570000,-1.885010
2.571000,-2.077102
2.572000,-2.278340
2.573000,-2.488693
2.574000,-2.708127
2.575000,-2.936609
2.576000,-3.174102
2.577000,-3.420568
2.578000,-3.675969
2.579000,-3.940263
2.580000,-4.213411
2.581000,-4.495368
2.582000,-4.786089
2.583000,-5.085530
2.584000,-5.393642
2.585000,-5.710377
2.586000,-6.035685
2.587000,-6.369515
2.588000,-6.711813
2.589000,-7.062526
2.590000,-7.421599
2.591000,-7.788975
2.592000,-8.164595
2.593000,-8.548401
2.594000,-8.940331
2.595000,-9.340324
2.596000,-9.748318
2.597000,-10.164246
2.598000,-10.588044
2.599000,-11.019645
2.600000,-11.458980
2.601000,-11.905981
2.602000,-12.360576
2.603000,-12.822694
2.604000,-13.292262
2.605000,-13.769205
2.606000,-14.253449
2.607000,-14.744917
2.608000,-15.243531
2.609000,-15.749213
2.610000,-16.261882
2.611000,-16.781459
2.612000,-17.307859
2.613000,-17.841002
2.614000,-18.380802
2.615000,-18.927174
2.616000,-19.480032
2.617000,-20.039288
2.618000,-20.604855
2.619000,-21.176642
2.620000,-21.754561
2.621000,-22.338518
2.622000,-22.928423
2.623000,-23.524182
2.624000,-24.125701
2.625000,-24.732885
2.626000,-25.345638
2.627000,-25.963863
2.628000,-26.587463
2.629000,-27.216339
2.630000,-27.850392
2.631000,-28.489522
2.632000,-29.133628
2.633000,-29.782608
2.634000,-30.436360
2.635000,-31.094780
2.636000,-31.757764
2.637000,-32.425208
2.638000,-33.097007
2.639000,-33.773054
2.640000,-34.453243
2.641000,-35.137465
2.642000,-35.825614
2.643000,-36.517580
2.644000,-37.213254
2.645000,-37.912527
2.646000,-38.615287
2.647000,-39.321425
2.648000,-40.030827
2.649000,-40.743383
2.650000,-41.458980
2.651000,-42.177505
2.652000,-42.898844
2.653000,-43.622884
2.654000,-44.349510
2.655000,-45.078607
2.656000,-45.810060
2.657000,-46.543754
2.658000,-47.279573
2.659000,-48.017401
2.660000,-48.757121
2.661000,-49.498616
2.662000,-50.241770
2.663000,-50.986465
2.664000,-51.732583
2.665000,-52.480006
2.666000,-53.228617
2.667000,-53.978297
2.668000,-54.728928
2.669000,-55.480392
2.670000,-56.232569
2.671000,-56.985341
2.672000,-57.738589
2.673000,-58.492194
2.674000,-59.246038
2.675000,-60.000000
2.676000,-60.753962
2.677000,-61.507806
2.678000,-62.261411
2.679000,-63.014659
2.680000,-63.767431
2.681000,-64.519608
2.682000,-65.271072
2.683000,-66.021703
2.684000,-66.771383
2.685000,-67.519994
2.686000,-68.267417
2.687000,-69.013535
2.688000,-69.758230
2.689000,-70.501384
2.690000,-71.242879
2.691000,-71.982599
2.692000,-72.720427
2.693000,-73.456246
2.694000,-74.189940
2.695000,-74.921393
2.696000,-75.650490
2.697000,-76.377116
2.698000,-77.101156
2.699000,-77.822495
2.700000,-78.541020
2.701000,-79.256617
2.702000,-79.969173
2.703000,-80.678575
2.704000,-81.384713
2.705000,-82.087473
2.706000,-82.786746
2.707000,-83.482420
2.708000,-84.174386
2.709000,-84.862535
2.710000,-85.546757
2.711000,-86.226946
2.712000,-86.902993
2.713000,-87.574792
2.714000,-88.242236
2.715000,-88.905220
2.716000,-89.563640
2.717000,-90.217392
2.718000,-90.866372
2.719000,-91.510478
2.720000,-92.149608
2.721000,-92.783661
2.722000,-93.412537
2.723000,-94.036137
2.724000,-94.654362
2.725000,-95.267115
2.726000,-95.874299
2.727000,-96.475818
2.728000,-97.071577
2.729000,-97.661482
2.730000,-98.245439
2.731000,-98.823358
2.732000,-99.395145
2.733000,-99.960712
2.734000,-100.519968
2.735000,-101.072826
2.736000,-101.619198
2.737000,-102.158998
2.738000,-102.692141
2.739000,-103.218541
2.740000,-103.738118
2.741000,-104.250787
2.742000,-104.756469
2.743000,-105.255083
2.744000,-105.746551
2.745000,-106.230795
2.746000,-106.707738
2.747000,-107.177306
2.748000,-107.639424
2.749000,-108.094019
2.750000,-108.541020
2.751000,-108.980355
2.752000,-109.411956
2.753000,-109.835754
2.754000,-110.251682
2.755000,-110.659676
2.756000,-111.059669
2.757000,-111.451599
2.758000,-111.835405
2.759000,-112.211025
2.760000,-112.578401
2.761000,-112.937474
2.762000,-113.288187
2.763000,-113.630485
2.764000,-113.964315
2.765000,-114.289623
2.766000,-114.606358
2.767000,-114.914470
2.768000,-115.213911
2.769000,-115.504632
2.770000,-115.786589
2.771000,-116.059737
2.772000,-116.324031
2.773000,-116.579432
2.774000,-116.825898
2.775000,-117.063391
2.776000,-117.291873
2.777000,-117.511307
2.778000,-117.721660
2.779000,-117.922898
2.780000,-118.114990
2.781000,-118.297904
2.782000,-118.471612
2.783000,-118.636087
2.784000,-118.791303
2.785000,-118.937235
2.786000,-119.073860
2.787000,-119.201157
2.788000,-119.319105
2.789000,-119.427686
2.790000,-119.526882
2.791000,-119.616679
2.792000,-119.697061
2.793000,-119.768017
2.794000,-119.829534
2.795000,-119.881604
2.796000,-119.924217
2.797000,-119.957368
2.798000,-119.981051
2.799000,-119.995263
2.800000,-120.000000
2.801000,-119.999704
2.802000,-119.998816
2.803000,-119.997335
2.804000,-119.995263
2.805000,-119.992598
2.806000,-119.989341
2.807000,-119.985492
2.808000,-119.981051
2.809000,-119.976018
2.810000,-119.970394
2.811000,-119.964177
2.812000,-119.957368
2.813000,-119.949968
2.814000,-119.941976
2.815000,-119.933392
2.816000,-119.924217
2.817000,-119.914451
2.818000,-119.904093
2.819000,-119.893144
2.820000,-119.881604
2.821000,-119.869472
2.822000,-119.856750
2.823000,-119.843438
2.824000,-119.829534
2.825000,-119.815040
2.826000,-119.799956
2.827000,-119.784281
2.828000,-119.768017
2.829000,-119.751162
2.830000,-119.733718
2.831000,-119.715684
2.832000,-119.697061
2.833000,-119.677849
2.834000,-119.658047
2.835000,-119.637657
2.836000,-119.616679
2.837000,-119.595112
2.838000,-119.572956
2.839000,-119.550213
2.840000,-119.526882
2.841000,-119.502964
2.842000,-119.478458
2.843000,-119.453365
2.844000,-119.427686
2.845000,-119.401419
2.846000,-119.374567
2.847000,-119.347129
2.848000,-119.319105
2.849000,-119.290495
2.850000,-119.261300
2.851000,-119.231521
2.852000,-119.201157
2.853000,-119.170208
2.854000,-119.138676
2.855000,-119.106560
2.856000,-119.073860
2.857000,-119.040578
2.858000,-119.006712
2.859000,-118.972265
2.860000,-118.937235
2.861000,-118.901624
2.862000,-118.865431
2.863000,-118.828657
2.864000,-118.791303
2.865000,-118.753369
2.866000,-118.714854
2.867000,-118.675760
2.868000,-118.636087
2.869000,-118.595836
2.870000,-118.555006
2.871000,-118.513598
2.872000,-118.471612
2.873000,-118.429050
2.874000,-118.385911
2.875000,-118.342195
2.876000,-118.297904
2.877000,-118.253037
2.878000,-118.207596
2.879000,-118.161580
2.880000,-118.114990
2.881000,-118.067826
2.882000,-118.020089
2.883000,-117.971780
2.884000,-117.922898
2.885000,-117.873445
2.886000,-117.823421
2.887000,-117.772826
2.888000,-117.721660
2.889000,-117.669925
2.890000,-117.617621
2.891000,-117.564748
2.892000,-117.511307
2.893000,-117.457299
2.894000,-117.402723
2.895000,-117.347581
2.896000,-117.291873
2.897000,-117.235599
2.898000,-117.178760
2.899000,-117.121358
2.900000,-117.063391
2.901000,-117.004861
2.902000,-116.945769
2.903000,-116.886114
2.904000,-116.825898
2.905000,-116.765122
2.906000,-116.703785
2.907000,-116.641888
2.908000,-116.579432
2.909000,-116.516418
2.910000,-116.452846
2.911000,-116.388717
2.912000,-116.324031
2.913000,-116.258790
2.914000,-116.192993
2.915000,-116.126642
2.916000,-116.059737
2.917000,-115.992278
2.918000,-115.924267
2.919000,-115.855704
2.920000,-115.786589
2.921000,-115.716924
2.922000,-115.646709
2.923000,-115.575945
2.924000,-115.504632
2.925000,-115.432772
2.926000,-115.360364
2.927000,-115.287410
2.928000,-115.213911
2.929000,-115.139866
2.930000,-115.065278
2.931000,-114.990145
2.932000,-114.914470
2.933000,-114.838253
2.934000,-114.761495
2.935000,-114.684197
2.936000,-114.606358
2.937000,-114.527981
2.938000,-114.449065
2.939000,-114.369613
2.940000,-114.289623
2.941000,-114.209098
2.942000,-114.128038
2.943000,-114.046443
2.944000,-113.964315
2.945000,-113.881655
2.946000,-113.798462
2.947000,-113.714739
2.948000,-113.630485
2.949000,-113.545703
2.950000,-113.460391
2.951000,-113.374553
2.952000,-113.288187
2.953000,-113.201295
2.954000,-113.113879
2.955000,-113.025938
2.956000,-112.937474
2.957000,-112.848487
2.958000,-112.758979
2.959000,-112.668950
2.960000,-112.578401
2.961000,-112.487333
2.962000,-112.395747
2.963000,-112.303644
2.964000,-112.211025
2.965000,-112.117891
2.966000,-112.024242
2.967000,-111.930080
2.968000,-111.835405
2.969000,-111.740219
2.970000,-111.644522
2.971000,-111.548315
2.972000,-111.451599
2.973000,-111.354376
2.974000,-111.256646
2.975000,-111.158410
2.976000,-111.059669
2.977000,-110.960424
2.978000,-110.860676
2.979000,-110.760426
2.980000,-110.659676
2.981000,-110.558425
2.982000,-110.456675
2.983000,-110.354427
2.984000,-110.251682
2.985000,-110.148442
2.986000,-110.044706
2.987000,-109.940476
2.988000,-109.835754
2.989000,-109.730540
2.990000,-109.624834
2.991000,-109.518640
2.992000,-109.411956
2.993000,-109.304785
2.994000,-109.197127
2.995000,-109.088983
2.996000,-108.980355
2.997000,-108.871244
2.998000,-108.761650
2.999000,-108.651575
3.000000,-108.541020
3.001000,-108.429985
3.002000,-108.318473
3.003000,-108.206484
3.004000,-108.094019
3.005000,-107.981080
3.006000,-107.867666
3.007000,-107.753781
3.008000,-107.639424
3.009000,-107.524597
3.010000,-107.409301
3.011000,-107.293537
3.012000,-107.177306
3.013000,-107.060610
3.014000,-106.943449
3.015000,-106.825824
3.016000,-106.707738
3.017000,-106.589191
3.018000,-106.470184
3.019000,-106.350718
3.020000,-106.230795
3.021000,-106.110415
3.022000,-105.989580
3.023000,-105.868292
3.024000,-105.746551
3.025000,-105.624358
3.026000,-105.501715
3.027000,-105.378623
3.028000,-105.255083
3.029000,-105.131096
3.030000,-105.006664
3.031000,-104.881788
3.032000,-104.756469
3.033000,-104.630708
3.034000,-104.504506
3.035000,-104.377866
3.036000,-104.250787
3.037000,-104.123272
3.038000,-103.995321
3.039000,-103.866936
3.040000,-103.738118
3.041000,-103.608868
3.042000,-103.479188
3.043000,-103.349079
3.044000,-103.218541
3.045000,-103.087578
3.046000,-102.956189
3.047000,-102.824376
3.048000,-102.692141
3.049000,-102.559484
3.050000,-102.426407
3.051000,-102.292911
3.052000,-102.158998
3.053000,-102.024669
3.054000,-101.889925
3.055000,-101.754768
3.056000,-101.619198
3.057000,-101.483218
3.058000,-101.346829
3.059000,-101.210031
3.060000,-101.072826
3.061000,-100.935217
3.062000,-100.797203
3.063000,-100.658786
3.064000,-100.519968
3.065000,-100.380751
3.066000,-100.241135
3.067000,-100.101121
3.068000,-99.960712
3.069000,-99.819908
3.070000,-99.678712
3.071000,-99.537124
3.072000,-99.395145
3.073000,-99.252778
3.074000,-99.110024
3.075000,-98.966883
3.076000,-98.823358
3.077000,-98.679449
3.078000,-98.535159
3.079000,-98.390489
3.080000,-98.245439
3.081000,-98.100013
3.082000,-97.954210
3.083000,-97.808032
3.084000,-97.661482
3.085000,-97.514559
3.086000,-97.367267
3.087000,-97.219605
3.088000,-97.071577
3.089000,-96.923182
3.090000,-96.774423
3.091000,-96.625301
3.092000,-96.475818
3.093000,-96.325974
3.094000,-96.175773
3.095000,-96.025214
3.096000,-95.874299
3.097000,-95.723030
3.098000,-95.571409
3.099000,-95.419437
3.100000,-95.267115
3.101000,-95.114445
3.102000,-94.961429
3.103000,-94.808067
3.104000,-94.654362
3.105000,-94.500315
3.106000,-94.345928
3.107000,-94.191201
3.108000,-94.036137
3.109000,-93.880737
3.110000,-93.725003
3.111000,-93.568935
3.112000,-93.412537
3.113000,-93.255809
3.114000,-93.098752
3.115000,-92.941369
3.116000,-92.783661
3.117000,-92.625629
3.118000,-92.467275
3.119000,-92.308601
3.120000,-92.149608
3.121000,-91.990297
3.122000,-91.830671
3.123000,-91.670731
3.124000,-91.510478
3.125000,-91.349914
3.126000,-91.189041
3.127000,-91.027859
3.128000,-90.866372
3.129000,-90.704580
3.130000,-90.542485
3.131000,-90.380088
3.132000,-90.217392
3.133000,-90.054398
3.134000,-89.891106
3.135000,-89.727520
3.136000,-89.563640
3.137000,-89.399469
3.138000,-89.235008
3.139000,-89.070257
3.140000,-88.905220
3.141000,-88.739898
3.142000,-88.574292
3.143000,-88.408404
3.144000,-88.242236
3.145000,-88.075789
3.146000,-87.909065
3.147000,-87.742065
3.148000,-87.574792
3.149000,-87.407246
3.150000,-87.239430
3.151000,-87.071345
3.152000,-86.902993
3.153000,-86.734375
3.154000,-86.565494
3.155000,-86.396350
3.156000,-86.226946
3.157000,-86.057283
3.158000,-85.887363
3.159000,-85.717187
3.160000,-85.546757
3.161000,-85.376076
3.162000,-85.205144
3.163000,-85.033963
3.164000,-84.862535
3.165000,-84.690862
3.166000,-84.518944
3.167000,-84.346785
3.168000,-84.174386
3.169000,-84.001748
3.170000,-83.828873
3.171000,-83.655763
3.172000,-83.482420
3.173000,-83.308845
3.174000,-83.135040
3.175000,-82.961006
3.176000,-82.786746
3.177000,-82.612261
3.178000,-82.437552
3.179000,-82.262623
3.180000,-82.087473
3.181000,-81.912106
3.182000,-81.736522
3.183000,-81.560724
3.184000,-81.384713
3.185000,-81.208491
3.186000,-81.032059
3.187000,-80.855420
3.188000,-80.678575
3.189000,-80.501526
3.190000,-80.324275
3.191000,-80.146823
3.192000,-79.969173
3.193000,-79.791325
3.194000,-79.613282
3.195000,-79.435045
3.196000,-79.256617
3.197000,-79.077998
3.198000,-78.899191
3.199000,-78.720198
3.200000,-78.541020
3.201000,-78.361659
3.202000,-78.182116
3.203000,-78.002394
3.204000,-77.822495
3.205000,-77.642420
3.206000,-77.462170
3.207000,-77.281748
3.208000,-77.101156
3.209000,-76.920395
3.210000,-76.739466
3.211000,-76.558373
3.212000,-76.377116
3.213000,-76.195698
3.214000,-76.014119
3.215000,-75.832383
3.216000,-75.650490
3.217000,-75.468443
3.218000,-75.286244
3.219000,-75.103893
3.220000,-74.921393
3.221000,-74.738746
3.222000,-74.555954
3.223000,-74.373018
3.224000,-74.189940
3.225000,-74.006722
3.226000,-73.823366
3.227000,-73.639873
3.228000,-73.456246
3.229000,-73.272486
3.230000,-73.088594
3.231000,-72.904574
3.232000,-72.720427
3.233000,-72.536153
3.234000,-72.351757
3.235000,-72.167238
3.236000,-71.982599
3.237000,-71.797842
3.238000,-71.612968
3.239000,-71.427980
3.240000,-71.242879
3.241000,-71.057667
3.242000,-70.872346
3.243000,-70.686917
3.244000,-70.501384
3.245000,-70.315746
3.246000,-70.130007
3.247000,-69.944167
3.248000,-69.758230
3.249000,-69.572196
3.250000,-69.386068
3.251000,-69.199847
3.252000,-69.013535
3.253000,-68.827135
3.254000,-68.640647
3.255000,-68.454074
3.256000,-68.267417
3.257000,-68.080679
3.258000,-67.893862
3.259000,-67.706966
3.260000,-67.519994
3.261000,-67.332948
3.262000,-67.145830
3.263000,-66.958641
3.264000,-66.771383
3.265000,-66.584059
3.266000,-66.396669
3.267000,-66.209217
3.268000,-66.021703
3.269000,-65.834130
3.270000,-65.646499
3.271000,-65.458812
3.272000,-65.271072
3.273000,-65.083279
3.274000,-64.895437
3.275000,-64.707546
3.276000,-64.519608
3.277000,-64.331626
3.278000,-64.143602
3.279000,-63.955536
3.280000,-63.767431
3.281000,-63.579289
3.282000,-63.391112
3.283000,-63.202901
3.284000,-63.014659
3.285000,-62.826387
3.286000,-62.638087
3.287000,-62.449761
3.288000,-62.261411
3.289000,-62.073038
3.290000,-61.884646
3.291000,-61.696234
3.292000,-61.507806
3.293000,-61.319363
3.294000,-61.130906
3.295000,-60.942439
3.296000,-60.753962
3.297000,-60.565478
3.298000,-60.376989
3.299000,-60.188495
3.300000,-60.000000
3.301000,-59.811505
3.302000,-59.623011
3.303000,-59.434522
3.304000,-59.246038
3.305000,-59.057561
3.306000,-58.869094
3.307000,-58.680637
3.308000,-58.492194
3.309000,-58.303766
3.310000,-58.115354
3.311000,-57.926962
3.312000,-57.738589
3.313000,-57.550239
3.314000,-57.361913
3.315000,-57.173613
3.316000,-56.985341
3.317000,-56.797099
3.318000,-56.608888
3.319000,-56.420711
3.320000,-56.232569
3.321000,-56.044464
3.322000,-55.856398
3.323000,-55.668374
3.324000,-55.480392
3.325000,-55.292454
3.326000,-55.104563
3.327000,-54.916721
3.328000,-54.728928
3.329000,-54.541188
3.330000,-54.353501
3.331000,-54.165870
3.332000,-53.978297
3.333000,-53.790783
3.334000,-53.603331
3.335000,-53.415941
3.336000,-53.228617
3.337000,-53.041359
3.338000,-52.854170
3.339000,-52.667052
3.340000,-52.480006
3.341000,-52.293034
3.342000,-52.106138
3.343000,-51.919321
3.344000,-51.732583
3.345000,-51.545926
3.346000,-51.359353
3.347000,-51.172865
3.348000,-50.986465
3.349000,-50.800153
3.350000,-50.613932
3.351000,-50.427804
3.352000,-50.241770
3.353000,-50.055833
3.354000,-49.869993
3.355000,-49.684254
3.356000,-49.498616
3.357000,-49.313083
3.358000,-49.127654
3.359000,-48.942333
3.360000,-48.757121
3.361000,-48.572020
3.362000,-48.387032
3.363000,-48.202158
3.364000,-48.017401
3.365000,-47.832762
3.366000,-47.648243
3.367000,-47.463847
3.368000,-47.279573
3.369000,-47.095426
3.370000,-46.911406
3.371000,-46.727514
3.372000,-46.543754
3.373000,-46.360127
3.374000,-46.176634
3.375000,-45.993278
3.376000,-45.810060
3.377000,-45.626982
3.378000,-45.444046
3.379000,-45.261254
3.380000,-45.078607
3.381000,-44.896107
3.382000,-44.713756
3.383000,-44.531557
3.384000,-44.349510
3.385000,-44.167617
3.386000,-43.985881
3.387000,-43.804302
3.388000,-43.622884
3.389000,-43.441627
3.390000,-43.260534
3.391000,-43.079605
3.392000,-42.898844
3.393000,-42.718252
3.394000,-42.537830
3.395000,-42.357580
3.396000,-42.177505
3.397000,-41.997606
3.398000,-41.817884
3.399000,-41.638341
3.400000,-41.458980
3.401000,-41.279802
3.402000,-41.100809
3.403000,-40.922002
3.404000,-40.743383
3.405000,-40.564955
3.406000,-40.386718
3.407000,-40.208675
3.408000,-40.030827
3.409000,-39.853177
3.410000,-39.675725
3.411000,-39.498474
3.412000,-39.321425
3.413000,-39.144580
3.414000,-38.967941
3.415000,-38.791509
3.416000,-38.615287
3.417000,-38.439276
3.418000,-38.263478
3.419000,-38.087894
3.420000,-37.912527
3.421000,-37.737377
3.422000,-37.562448
3.423000,-37.387739
3.424000,-37.213254
3.425000,-37.038994
3.426000,-36.864960
3.427000,-36.691155
3.428000,-36.517580
3.429000,-36.344237
3.430000,-36.171127
3.431000,-35.998252
3.432000,-35.825614
3.433000,-35.653215
3.434000,-35.481056
3.435000,-35.309138
3.436000,-35.137465
3.437000,-34.966037
3.438000,-34.794856
3.439000,-34.623924
3.440000,-34.453243
3.441000,-34.282813
3.442000,-34.112637
3.443000,-33.942717
3.444000,-33.773054
3.445000,-33.603650
3.446000,-33.434506
3.447000,-33.265625
3.448000,-33.097007
3.449000,-32.928655
3.450000,-32.760570
3.451000,-32.592754
3.452000,-32.425208
3.453000,-32.257935
3.454000,-32.090935
3.455000,-31.924211
3.456000,-31.757764
3.457000,-31.591596
3.458000,-31.425708
3.459000,-31.260102
3.460000,-31.094780
3.461000,-30.929743
3.462000,-30.764992
3.463000,-30.600531
3.464000,-30.436360
3.465000,-30.272480
3.466000,-30.108894
3.467000,-29.945602
3.468000,-29.782608
3.469000,-29.619912
3.470000,-29.457515
3.471000,-29.295420
3.472000,-29.133628
3.473000,-28.972141
3.474000,-28.810959
3.475000,-28.650086
3.476000,-28.489522
3.477000,-28.329269
3.478000,-28.169329
3.479000,-28.009703
3.480000,-27.850392
3.481000,-27.691399
3.482000,-27.532725
3.483000,-27.374371
3.484000,-27.216339
3.485000,-27.058631
3.486000,-26.901248
3.487000,-26.744191
3.488000,-26.587463
3.489000,-26.431065
3.490000,-26.274997
3.491000,-26.119263
3.492000,-25.963863
3.493000,-25.808799
3.494000,-25.654072
3.495000,-25.499685
3.496000,-25.345638
3.497000,-25.191933
3.498000,-25.038571
3.499000,-24.885555
3.500000,-24.732885
3.501000,-24.580563
3.502000,-24.428591
3.503000,-24.276970
3.504000,-24.125701
3.505000,-23.974786
3.506000,-23.824227
3.507000,-23.674026
3.508000,-23.524182
3.509000,-23.374699
3.510000,-23.225577
3.511000,-23.076818
3.512000,-22.928423
3.513000,-22.780395
3.514000,-22.632733
3.515000,-22.485441
3.516000,-22.338518
3.517000,-22.191968
3.518000,-22.045790
3.519000,-21.899987
3.520000,-21.754561
3.521000,-21.609511
3.522000,-21.464841
3.523000,-21.320551
3.524000,-21.176642
3.525000,-21.033117
3.526000,-20.889976
3.527000,-20.747222
3.528000,-20.604855
3.529000,-20.462876
3.530000,-20.321288
3.531000,-20.180092
3.532000,-20.039288
3.533000,-19.898879
3.534000,-19.758865
3.535000,-19.619249
3.536000,-19.480032
3.537000,-19.341214
3.538000,-19.202797
3.539000,-19.064783
3.540000,-18.927174
3.541000,-18.789969
3.542000,-18.653171
3.543000,-18.516782
3.544000,-18.380802
3.545000,-18.245232
3.546000,-18.110075
3.547000,-17.975331
3.548000,-17.841002
3.549000,-17.707089
3.550000,-17.573593
3.551000,-17.440516
3.552000,-17.307859
3.553000,-17.175624
3.554000,-17.043811
3.555000,-16.912422
3.556000,-16.781459
3.557000,-16.650921
3.558000,-16.520812
3.559000,-16.391132
3.560000,-16.261882
3.561000,-16.133064
3.562000,-16.004679
3.563000,-15.876728
3.564000,-15.749213
3.565000,-15.622134
3.566000,-15.495494
3.567000,-15.369292
3.568000,-15.243531
3.569000,-15.118212
3.570000,-14.993336
3.571000,-14.868904
3.572000,-14.744917
3.573000,-14.621377
3.574000,-14.498285
3.575000,-14.375642
3.576000,-14.253449
3.577000,-14.131708
3.578000,-14.010420
3.579000,-13.889585
3.580000,-13.769205
3.581000,-13.649282
3.582000,-13.529816
3.583000,-13.410809
3.584000,-13.292262
3.585000,-13.174176
3.586000,-13.056551
3.587000,-12.939390
3.588000,-12.822694
3.589000,-12.706463
3.590000,-12.590699
3.591000,-12.475403
3.592000,-12.360576
3.593000,-12.246219
3.594000,-12.132334
3.595000,-12.018920
3.596000,-11.905981
3.597000,-11.793516
3.598000,-11.681527
3.599000,-11.570015
3.600000,-11.458980
3.601000,-11.348425
3.602000,-11.238350
3.603000,-11.128756
3.604000,-11.019645
3.605000,-10.911017
3.606000,-10.802873
3.607000,-10.695215
3.608000,-10.588044
3.609000,-10.481360
3.610000,-10.375166
3.611000,-10.269460
3.612000,-10.164246
3.613000,-10.059524
3.614000,-9.955294
3.615000,-9.851558
3.616000,-9.748318
3.617000,-9.645573
3.618000,-9.543325
3.619000,-9.441575
3.620000,-9.340324
3.621000,-9.239574
3.622000,-9.139324
3.623000,-9.039576
3.624000,-8.940331
3.625000,-8.841590
3.626000,-8.743354
3.627000,-8.645624
3.628000,-8.548401
3.629000,-8.451685
3.630000,-8.355478
3.631000,-8.259781
3.632000,-8.164595
3.633000,-8.069920
3.634000,-7.975758
3.635000,-7.882109
3.636000,-7.788975
3.637000,-7.696356
3.638000,-7.604253
3.639000,-7.512667
3.640000,-7.421599
3.641000,-7.331050
3.642000,-7.241021
3.643000,-7.151513
3.644000,-7.062526
3.645000,-6.974062
3.646000,-6.886121
3.647000,-6.798705
3.648000,-6.711813
3.649000,-6.625447
3.650000,-6.539609
3.651000,-6.454297
3.652000,-6.369515
3.653000,-6.285261
3.654000,-6.201538
3.655000,-6.118345
3.656000,-6.035685
3.657000,-5.953557
3.658000,-5.871962
3.659000,-5.790902
3.660000,-5.710377
3.661000,-5.630387
3.662000,-5.550935
3.663000,-5.472019
3.664000,-5.393642
3.665000,-5.315803
3.666000,-5.238505
3.667000,-5.161747
3.668000,-5.085530
3.669000,-5.009855
3.670000,-4.934722
3.671000,-4.860134
3.672000,-4.786089
3.673000,-4.712590
3.674000,-4.639636
3.675000,-4.567228
3.676000,-4.495368
3.677000,-4.424055
3.678000,-4.353291
3.679000,-4.283076
3.680000,-4.213411
3.681000,-4.144296
3.682000,-4.075733
3.683000,-4.007722
3.684000,-3.940263
3.685000,-3.873358
3.686000,-3.807007
3.687000,-3.741210
3.688000,-3.675969
3.689000,-3.611283
3.690000,-3.547154
3.691000,-3.483582
3.692000,-3.420568
3.693000,-3.358112
3.694000,-3.296215
3.695000,-3.234878
3.696000,-3.174102
3.697000,-3.113886
3.698000,-3.054231
3.699000,-2.995139
3.700000,-2.936609
3.701000,-2.878642
3.702000,-2.821240
3.703000,-2.764401
3.704000,-2.708127
3.705000,-2.652419
3.706000,-2.597277
3.707000,-2.542701
3.708000,-2.488693
3.709000,-2.435252
3.710000,-2.382379
3.711000,-2.330075
3.712000,-2.278340
3.713000,-2.227174
3.714000,-2.176579
3.715000,-2.126555
3.716000,-2.077102
3.717000,-2.028220
3.718000,-1.979911
3.719000,-1.932174
3.720000,-1.885010
3.721000,-1.838420
3.722000,-1.792404
3.723000,-1.746963
3.724000,-1.702096
3.725000,-1.657805
3.726000,-1.614089
3.727000,-1.570950
3.728000,-1.528388
3.729000,-1.486402
3.730000,-1.444994
3.731000,-1.404164
3.732000,-1.363913
3.733000,-1.324240
3.734000,-1.285146
3.735000,-1.246631
3.736000,-1.208697
3.737000,-1.171343
3.738000,-1.134569
3.739000,-1.098376
3.740000,-1.062765
3.741000,-1.027735
3.742000,-0.993288
3.743000,-0.959422
3.744000,-0.926140
3.745000,-0.893440
3.746000,-0.861324
3.747000,-0.829792
3.748000,-0.798843
3.749000,-0.768479
3.750000,-0.738700
3.751000,-0.709505
3.752000,-0.680895
3.753000,-0.652871
3.754000,-0.625433
3.755000,-0.598581
3.756000,-0.572314
3.757000,-0.546635
3.758000,-0.521542
3.759000,-0.497036
3.760000,-0.473118
3.761000,-0.449787
3.762000,-0.427044
3.763000,-0.404888
3.764000,-0.383321
3.765000,-0.362343
3.766000,-0.341953
3.767000,-0.322151
3.768000,-0.302939
3.769000,-0.284316
3.770000,-0.266282
3.771000,-0.248838
3.772000,-0.231983
3.773000,-0.215719
3.774000,-0.200044
3.775000,-0.184960
3.776000,-0.170466
3.777000,-0.156562
3.778000,-0.143250
3.779000,-0.130528
3.780000,-0.118396
3.781000,-0.106856
3.782000,-0.095907
3.783000,-0.085549
3.784000,-0.075783
3.785000,-0.066608
3.786000,-0.058024
3.787000,-0.050032
3.788000,-0.042632
3.789000,-0.035823
3.790000,-0.029606
3.791000,-0.023982
3.792000,-0.018949
3.793000,-0.014508
3.794000,-0.010659
3.795000,-0.007402
3.796000,-0.004737
3.797000,-0.002665
3.798000,-0.001184
3.799000,-0.000296
3.800000,0.000000
3.801000,0.000000
3.802000,0.000000
3.803000,0.000000
3.804000,0.000000
3.805000,0.000000
3.806000,0.000000
3.807000,0.000000
3.808000,0.000000
3.809000,0.000000
3.810000,0.000000
3.811000,0.000000
3.812000,0.000000
3.813000,0.000000
3.814000,0.000000
3.815000,0.000000
3.816000,0.000000
3.817000,0.000000
3.818000,0.000000
3.819000,0.000000
3.820000,0.000000
3.821000,0.000000
3.822000,0.000000
3.823000,0.000000
3.824000,0.000000
3.825000,0.000000
3.826000,0.000000
3.827000,0.000000
3.828000,0.000000
3.829000,0.000000
3.830000,0.000000
3.831000,0.000000
3.832000,0.000000
3.833000,0.000000
3.834000,0.000000
3.835000,0.000000
3.836000,0.000000
3.837000,0.000000
3.838000,0.000000
3.839000,0.000000
3.840000,0.000000
3.841000,0.000000
3.842000,0.000000
3.843000,0.000000
3.844000,0.000000
3.845000,0.000000
3.846000,0.000000
3.847000,0.000000
3.848000,0.000000
3.849000,0.000000
3.850000,0.000000
3.851000,0.000000
3.852000,0.000000
3.853000,0.000000
3.854000,0.000000
3.855000,0.000000
3.856000,0.000000
3.857000,0.000000
3.858000,0.000000
3.859000,0.000000
3.860000,0.000000
3.861000,0.000000
3.862000,0.000000
3.863000,0.000000
3.864000,0.000000
3.865000,0.000000
3.866000,0.000000
3.867000,0.000000
3.868000,0.000000
3.869000,0.000000
3.870000,0.000000
3.871000,0.000000
3.872000,0.000000
3.873000,0.000000
3.874000,0.000000
3.875000,0.000000
3.876000,0.000000
3.877000,0.000000
3.878000,0.000000
3.879000,0.000000
3.880000,0.000000
3.881000,0.000000
3.882000,0.000000
3.883000,0.000000
3.884000,0.000000
3.885000,0.000000
3.886000,0.000000
3.887000,0.000000
3.888000,0.000000
3.889000,0.000000
3.890000,0.000000
3.891000,0.000000
3.892000,0.000000
3.893000,0.000000
3.894000,0.000000
3.895000,0.000000
3.896000,0.000000
3.897000,0.000000
3.898000,0.000000
3.899000,0.000000
3.900000,0.000000
3.901000,0.000000
3.902000,0.000000
3.903000,0.000000
3.904000,0.000000
3.905000,0.000000
3.906000,0.000000
3.907000,0.000000
3.908000,0.000000
3.909000,0.000000
3.910000,0.000000
3.911000,0.000000
3.912000,0.000000
3.913000,0.000000
3.914000,0.000000
3.915000,0.000000
3.916000,0.000000
3.917000,0.000000
3.918000,0.000000
3.919000,0.000000
3.920000,0.000000
3.921000,0.000000
3.922000,0.000000
3.923000,0.000000
3.924000,0.000000
3.925000,0.000000
3.926000,0.000000
3.927000,0.000000
3.928000,0.000000
3.929000,0.000000
3.930000,0.000000
3.931000,0.000000
3.932000,0.000000
3.933000,0.000000
3.934000,0.000000
3.935000,0.000000
3.936000,0.000000
3.937000,0.000000
3.938000,0.000000
3.939000,0.000000
3.940000,0.000000
3.941000,0.000000
3.942000,0.000000
3.943000,0.000000
3.944000,0.000000
3.945000,0.000000
3.946000,0.000000
3.947000,0.000000
3.948000,0.000000
3.949000,0.000000
3.950000,0.000000
3.951000,0.000000
3.952000,0.000000
3.953000,0.000000
3.954000,0.000000
3.955000,0.000000
3.956000,0.000000
3.957000,0.000000
3.958000,0.000000
3.959000,0.000000
3.960000,0.000000
3.961000,0.000000
3.962000,0.000000
3.963000,0.000000
3.964000,0.000000
3.965000,0.000000
3.966000,0.000000
3.967000,0.000000
3.968000,0.000000
3.969000,0.000000
3.970000,0.000000
3.971000,0.000000
3.972000,0.000000
3.973000,0.000000
3.974000,0.000000
3.975000,0.000000
3.976000,0.000000
3.977000,0.000000
3.978000,0.000000
3.979000,0.000000
3.980000,0.000000
3.981000,0.000000
3.982000,0.000000
3.983000,0.000000
3.984000,0.000000
3.985000,0.000000
3.986000,0.000000
3.987000,0.000000
3.988000,0.000000
3.989000,0.000000
3.990000,0.000000
3.991000,0.000000
3.992000,0.000000
3.993000,0.000000
3.994000,0.000000
3.995000,0.000000
3.996000,0.000000
3.997000,0.000000
3.998000,0.000000
3.999000,0.000000
4.000000,0.000000
4.001000,0.000000
4.002000,0.000000
4.003000,0.000000
4.004000,0.000000
4.005000,0.000000
4.006000,0.000000
4.007000,0.000000
4.008000,0.000000
4.009000,0.000000
4.010000,0.000000
4.011000,0.000000
4.012000,0.000000
4.013000,0.000000
4.014000,0.000000
4.015000,0.000000
4.016000,0.000000
4.017000,0.000000
4.018000,0.000000
4.019000,0.000000
4.020000,0.000000
4.021000,0.000000
4.022000,0.000000
4.023000,0.000000
4.024000,0.000000
4.025000,0.000000
4.026000,0.000000
4.027000,0.000000
4.028000,0.000000
4.029000,0.000000
4.030000,0.000000
4.031000,0.000000
4.032000,0.000000
4.033000,0.000000
4.034000,0.000000
4.035000,0.000000
4.036000,0.000000
4.037000,0.000000
4.038000,0.000000
4.039000,0.000000
4.040000,0.000000
4.041000,0.000000
4.042000,0.000000
4.043000,0.000000
4.044000,0.000000
4.045000,0.000000
4.046000,0.000000
4.047000,0.000000
4.048000,0.000000
4.049000,0.000000
4.050000,0.000000
4.051000,0.000000
4.052000,0.000000
4.053000,0.000000
4.054000,0.000000
4.055000,0.000000
4.056000,0.000000
4.057000,0.000000
4.058000,0.000000
4.059000,0.000000
4.060000,0.000000
4.061000,0.000000
4.062000,0.000000
4.063000,0.000000
4.064000,0.000000
4.065000,0.000000
4.066000,0.000000
4.067000,0.000000
4.068000,0.000000
4.069000,0.000000
4.070000,0.000000
4.071000,0.000000
4.072000,0.000000
4.073000,0.000000
4.074000,0.000000
4.075000,0.000000
4.076000,0.000000
4.077000,0.000000
4.078000,0.000000
4.079000,0.000000
4.080000,0.000000
4.081000,0.000000
4.082000,0.000000
4.083000,0.000000
4.084000,0.000000
4.085000,0.000000
4.086000,0.000000
4.087000,0.000000
4.088000,0.000000
4.089000,0.000000
4.090000,0.000000
4.091000,0.000000
4.092000,0.000000
4.093000,0.000000
4.094000,0.000000
4.095000,0.000000
4.096000,0.000000
4.097000,0.000000
4.098000,0.000000
4.099000,0.000000
4.100000,0.000000
4.101000,0.000000
4.102000,0.000000
4.103000,0.000000
4.104000,0.000000
4.105000,0.000000
4.106000,0.000000
4.107000,0.000000
4.108000,0.000000
4.109000,0.000000
4.110000,0.000000
4.111000,0.000000
4.112000,0.000000
4.113000,0.000000
4.114000,0.000000
4.115000,0.000000
4.116000,0.000000
4.117000,0.000000
4.118000,0.000000
4.119000,0.000000
4.120000,0.000000
4.121000,0.000000
4.122000,0.000000
4.123000,0.000000
4.124000,0.000000
4.125000,0.000000
4.126000,0.000000
4.127000,0.000000
4.128000,0.000000
4.129000,0.000000
4.130000,0.000000
4.131000,0.000000
4.132000,0.000000
4.133000,0.000000
4.134000,0.000000
4.135000,0.000000
4.136000,0.000000
4.137000,0.000000
4.138000,0.000000
4.139000,0.000000
4.140000,0.000000
4.141000,0.000000
4.142000,0.000000
4.143000,0.000000
4.144000,0.000000
4.145000,0.000000
4.146000,0.000000
4.147000,0.000000
4.148000,0.000000
4.149000,0.000000
4.150000,0.000000
4.151000,0.000000
4.152000,0.000000
4.153000,0.000000
4.154000,0.000000
4.155000,0.000000
4.156000,0.000000
4.157000,0.000000
4.158000,0.000000
4.159000,0.000000
4.160000,0.000000
4.161000,0.000000
4.162000,0.000000
4.163000,0.000000
4.164000,0.000000
4.165000,0.000000
4.166000,0.000000
4.167000,0.000000
4.168000,0.000000
4.169000,0.000000
4.170000,0.000000
4.171000,0.000000
4.172000,0.000000
4.173000,0.000000
4.174000,0.000000
4.175000,0.000000
4.176000,0.000000
4.177000,0.000000
4.178000,0.000000
4.179000,0.000000
4.180000,0.000000
4.181000,0.000000
4.182000,0.000000
4.183000,0.000000
4.184000,0.000000
4.185000,0.000000
4.186000,0.000000
4.187000,0.000000
4.188000,0.000000
4.189000,0.000000
4.190000,0.000000
4.191000,0.000000
4.192000,0.000000
4.193000,0.000000
4.194000,0.000000
4.195000,0.000000
4.196000,0.000000
4.197000,0.000000
4.198000,0.000000
4.199000,0.000000
4.200000,0.000000
4.201000,0.000000
4.202000,0.000000
4.203000,0.000000
4.204000,0.000000
4.205000,0.000000
4.206000,0.000000
4.207000,0.000000
4.208000,0.000000
4.209000,0.000000
4.210000,0.000000
4.211000,0.000000
4.212000,0.000000
4.213000,0.000000
4.214000,0.000000
4.215000,0.000000
4.216000,0.000000
4.217000,0.000000
4.218000,0.000000
4.219000,0.000000
4.220000,0.000000
4.221000,0.000000
4.222000,0.000000
4.223000,0.000000
4.224000,0.000000
4.225000,0.000000
4.226000,0.000000
4.227000,0.000000
4.228000,0.000000
4.229000,0.000000
4.230000,0.000000
4.231000,0.000000
4.232000,0.000000
4.233000,0.000000
4.234000,0.000000
4.235000,0.000000
4.236000,0.000000
4.237000,0.000000
4.238000,0.000000
4.239000,0.000000
4.240000,0.000000
4.241000,0.000000
4.242000,0.000000
4.243000,0.000000
4.244000,0.000000
4.245000,0.000000
4.246000,0.000000
4.247000,0.000000
4.248000,0.000000
4.249000,0.000000
4.250000,0.000000
4.251000,0.000000
4.252000,0.000000
4.253000,0.000000
4.254000,0.000000
4.255000,0.000000
4.256000,0.000000
4.257000,0.000000
4.258000,0.000000
4.259000,0.000000
4.260000,0.000000
4.261000,0.000000
4.262000,0.000000
4.263000,0.000000
4.264000,0.000000
4.265000,0.000000
4.266000,0.000000
4.267000,0.000000
4.268000,0.000000
4.269000,0.000000
4.270000,0.000000
4.271000,0.000000
4.272000,0.000000
4.273000,0.000000
4.274000,0.000000
4.275000,0.000000
4.276000,0.000000
4.277000,0.000000
4.278000,0.000000
4.279000,0.000000
4.280000,0.000000
4.281000,0.000000
4.282000,0.000000
4.283000,0.000000
4.284000,0.000000
4.285000,0.000000
4.286000,0.000000
4.287000,0.000000
4.288000,0.000000
4.289000,0.000000
4.290000,0.000000
4.291000,0.000000
4.292000,0.000000
4.293000,0.000000
4.294000,0.000000
4.295000,0.000000
4.296000,0.000000
4.297000,0.000000
4.298000,0.000000
4.299000,0.000000
4.300000,0.000000
4.301000,0.000000
4.302000,0.000000
4.303000,0.000000
4.304000,0.000000
4.305000,0.000000
4.306000,0.000000
4.307000,0.000000
4.308000,0.000000
4.309000,0.000000
4.310000,0.000000
4.311000,0.000000
4.312000,0.000000
4.313000,0.000000
4.314000,0.000000
4.315000,0.000000
4.316000,0.000000
4.317000,0.000000
4.318000,0.000000
4.319000,0.000000
4.320000,0.000000
4.321000,0.000000
4.322000,0.000000
4.323000,0.000000
4.324000,0.000000
4.325000,0.000000
4.326000,0.000000
4.327000,0.000000
4.328000,0.000000
4.329000,0.000000
4.330000,0.000000
4.331000,0.000000
4.332000,0.000000
4.333000,0.000000
4.334000,0.000000
4.335000,0.000000
4.336000,0.000000
4.337000,0.000000
4.338000,0.000000
4.339000,0.000000
4.340000,0.000000
4.341000,0.000000
4.342000,0.000000
4.343000,0.000000
4.344000,0.000000
4.345000,0.000000
4.346000,0.000000
4.347000,0.000000
4.348000,0.000000
4.349000,0.000000
4.350000,0.000000
4.351000,0.000000
4.352000,0.000000
4.353000,0.000000
4.354000,0.000000
4.355000,0.000000
4.356000,0.000000
4.357000,0.000000
4.358000,0.000000
4.359000,0.000000
4.360000,0.000000
4.361000,0.000000
4.362000,0.000000
4.363000,0.000000
4.364000,0.000000
4.365000,0.000000
4.366000,0.000000
4.367000,0.000000
4.368000,0.000000
4.369000,0.000000
4.370000,0.000000
4.371000,0.000000
4.372000,0.000000
4.373000,0.000000
4.374000,0.000000
4.375000,0.000000
4.376000,0.000000
4.377000,0.000000
4.378000,0.000000
4.379000,0.000000
4.380000,0.000000
4.381000,0.000000
4.382000,0.000000
4.383000,0.000000
4.384000,0.000000
4.385000,0.000000
4.386000,0.000000
4.387000,0.000000
4.388000,0.000000
4.389000,0.000000
4.390000,0.000000
4.391000,0.000000
4.392000,0.000000
4.393000,0.000000
4.394000,0.000000
4.395000,0.000000
4.396000,0.000000
4.397000,0.000000
4.398000,0.000000
4.399000,0.000000
4.400000,0.000000
4.401000,0.000000
4.402000,0.000000
4.403000,0.000000
4.404000,0.000000
4.405000,0.000000
4.406000,0.000000
4.407000,0.000000
4.408000,0.000000
4.409000,0.000000
4.410000,0.000000
4.411000,0.000000
4.412000,0.000000
4.413000,0.000000
4.414000,0.000000
4.415000,0.000000
4.416000,0.000000
4.417000,0.000000
4.418000,0.000000
4.419000,0.000000
4.420000,0.000000
4.421000,0.000000
4.422000,0.000000
4.423000,0.000000
4.424000,0.000000
4.425000,0.000000
4.426000,0.000000
4.427000,0.000000
4.428000,0.000000
4.429000,0.000000
4.430000,0.000000
4.431000,0.000000
4.432000,0.000000
4.433000,0.000000
4.434000,0.000000
4.435000,0.000000
4.436000,0.000000
4.437000,0.000000
4.438000,0.000000
4.439000,0.000000
4.440000,0.000000
4.441000,0.000000
4.442000,0.000000
4.443000,0.000000
4.444000,0.000000
4.445000,0.000000
4.446000,0.000000
4.447000,0.000000
4.448000,0.000000
4.449000,0.000000
4.450000,0.000000
4.451000,0.000000
4.452000,0.000000
4.453000,0.000000
4.454000,0.000000
4.455000,0.000000
4.456000,0.000000
4.457000,0.000000
4.458000,0.000000
4.459000,0.000000
4.460000,0.000000
4.461000,0.000000
4.462000,0.000000
4.463000,0.000000
4.464000,0.000000
4.465000,0.000000
4.466000,0.000000
4.467000,0.000000
4.468000,0.000000
4.469000,0.000000
4.470000,0.000000
4.471000,0.000000
4.472000,0.000000
4.473000,0.000000
4.474000,0.000000
4.475000,0.000000
4.476000,0.000000
4.477000,0.000000
4.478000,0.000000
4.479000,0.000000
4.480000,0.000000
4.481000,0.000000
4.482000,0.000000
4.483000,0.000000
4.484000,0.000000
4.485000,0.000000
4.486000,0.000000
4.487000,0.000000
4.488000,0.000000
4.489000,0.000000
4.490000,0.000000
4.491000,0.000000
4.492000,0.000000
4.493000,0.000000
4.494000,0.000000
4.495000,0.000000
4.496000,0.000000
4.497000,0.000000
4.498000,0.000000
4.499000,0.000000
4.500000,0.000000
4.501000,0.000000
4.502000,0.000000
4.503000,0.000000
4.504000,0.000000
4.505000,0.000000
4.506000,0.000000
4.507000,0.000000
4.508000,0.000000
4.509000,0.000000
4.510000,0.000000
4.511000,0.000000
4.512000,0.000000
4.513000,0.000000
4.514000,0.000000
4.515000,0.000000
4.516000,0.000000
4.517000,0.000000
4.518000,0.000000
4.519000,0.000000
4.520000,0.000000
4.521000,0.000000
4.522000,0.000000
4.523000,0.000000
4.524000,0.000000
4.525000,0.000000
4.526000,0.000000
4.527000,0.000000
4.528000,0.000000
4.529000,0.000000
4.530000,0.000000
4.531000,0.000000
4.532000,0.000000
4.533000,0.000000
4.534000,0.000000
4.535000,0.000000
4.536000,0.000000
4.537000,0.000000
4.538000,0.000000
4.539000,0.000000
4.540000,0.000000
4.541000,0.000000
4.542000,0.000000
4.543000,0.000000
4.544000,0.000000
4.545000,0.000000
4.546000,0.000000
4.547000,0.000000
4.548000,0.000000
4.549000,0.000000
4.550000,0.000000
4.551000,0.000000
4.552000,0.000000
4.553000,0.000000
4.554000,0.000000
4.555000,0.000000
4.556000,0.000000
4.557000,0.000000
4.558000,0.000000
4.559000,0.000000
4.560000,0.000000
4.561000,0.000000
4.562000,0.000000
4.563000,0.000000
4.564000,0.000000
4.565000,0.000000
4.566000,0.000000
4.567000,0.000000
4.568000,0.000000
4.569000,0.000000
4.570000,0.000000
4.571000,0.000000
4.572000,0.000000
4.573000,0.000000
4.574000,0.000000
4.575000,0.000000
4.576000,0.000000
4.577000,0.000000
4.578000,0.000000
4.579000,0.000000
4.580000,0.000000
4.581000,0.000000
4.582000,0.000000
4.583000,0.000000
4.584000,0.000000
4.585000,0.000000
4.586000,0.000000
4.587000,0.000000
4.588000,0.000000
4.589000,0.000000
4.590000,0.000000
4.591000,0.000000
4.592000,0.000000
4.593000,0.000000
4.594000,0.000000
4.595000,0.000000
4.596000,0.000000
4.597000,0.000000
4.598000,0.000000
4.599000,0.000000
4.600000,0.000000
4.601000,0.000000
4.602000,0.000000
4.603000,0.000000
4.604000,0.000000
4.605000,0.000000
4.606000,0.000000
4.607000,0.000000
4.608000,0.000000
4.609000,0.000000
4.610000,0.000000
4.611000,0.000000
4.612000,0.000000
4.613000,0.000000
4.614000,0.000000
4.615000,0.000000
4.616000,0.000000
4.617000,0.000000
4.618000,0.000000
4.619000,0.000000
4.620000,0.000000
4.621000,0.000000
4.622000,0.000000
4.623000,0.000000
4.624000,0.000000
4.625000,0.000000
4.626000,0.000000
4.627000,0.000000
4.628000,0.000000
4.629000,0.000000
4.630000,0.000000
4.631000,0.000000
4.632000,0.000000
4.633000,0.000000
4.634000,0.000000
4.635000,0.000000
4.636000,0.000000
4.637000,0.000000
4.638000,0.000000
4.639000,0.000000
4.640000,0.000000
4.641000,0.000000
4.642000,0.000000
4.643000,0.000000
4.644000,0.000000
4.645000,0.000000
4.646000,0.000000
4.647000,0.000000
4.648000,0.000000
4.649000,0.000000
4.650000,0.000000
4.651000,0.000000
4.652000,0.000000
4.653000,0.000000
4.654000,0.000000
4.655000,0.000000
4.656000,0.000000
4.657000,0.000000
4.658000,0.000000
4.659000,0.000000
4.660000,0.000000
4.661000,0.000000
4.662000,0.000000
4.663000,0.000000
4.664000,0.000000
4.665000,0.000000
4.666000,0.000000
4.667000,0.000000
4.668000,0.000000
4.669000,0.000000
4.670000,0.000000
4.671000,0.000000
4.672000,0.000000
4.673000,0.000000
4.674000,0.000000
4.675000,0.000000
4.676000,0.000000
4.677000,0.000000
4.678000,0.000000
4.679000,0.000000
4.680000,0.000000
4.681000,0.000000
4.682000,0.000000
4.683000,0.000000
4.684000,0.000000
4.685000,0.000000
4.686000,0.000000
4.687000,0.000000
4.688000,0.000000
4.689000,0.000000
4.690000,0.000000
4.691000,0.000000
4.692000,0.000000
4.693000,0.000000
4.694000,0.000000
4.695000,0.000000
4.696000,0.000000
4.697000,0.000000
4.698000,0.000000
4.699000,0.000000
4.700000,0.000000
4.701000,0.000000
4.702000,0.000000
4.703000,0.000000
4.704000,0.000000
4.705000,0.000000
4.706000,0.000000
4.707000,0.000000
4.708000,0.000000
4.709000,0.000000
4.710000,0.000000
4.711000,0.000000
4.712000,0.000000
4.713000,0.000000
4.714000,0.000000
4.715000,0.000000
4.716000,0.000000
4.717000,0.000000
4.718000,0.000000
4.719000,0.000000
4.720000,0.000000
4.721000,0.000000
4.722000,0.000000
4.723000,0.000000
4.724000,0.000000
4.725000,0.000000
4.726000,0.000000
4.727000,0.000000
4.728000,0.000000
4.729000,0.000000
4.730000,0.000000
4.731000,0.000000
4.732000,0.000000
4.733000,0.000000
4.734000,0.000000
4.735000,0.000000
4.736000,0.000000
4.737000,0.000000
4.738000,0.000000
4.739000,0.000000
4.740000,0.000000
4.741000,0.000000
4.742000,0.000000
4.743000,0.000000
4.744000,0.000000
4.745000,0.000000
4.746000,0.000000
4.747000,0.000000
4.748000,0.000000
4.749000,0.000000
4.750000,0.000000
4.751000,0.000000
4.752000,0.000000
4.753000,0.000000
4.754000,0.000000
4.755000,0.000000
4.756000,0.000000
4.757000,0.000000
4.758000,0.000000
4.759000,0.000000
4.760000,0.000000
4.761000,0.000000
4.762000,0.000000
4.763000,0.000000
4.764000,0.000000
4.765000,0.000000
4.766000,0.000000
4.767000,0.000000
4.768000,0.000000
4.769000,0.000000
4.770000,0.000000
4.771000,0.000000
4.772000,0.000000
4.773000,0.000000
4.774000,0.000000
4.775000,0.000000
4.776000,0.000000
4.777000,0.000000
4.778000,0.000000
4.779000,0.000000
4.780000,0.000000
4.781000,0.000000
4.782000,0.000000
4.783000,0.000000
4.784000,0.000000
4.785000,0.000000
4.786000,0.000000
4.787000,0.000000
4.788000,0.000000
4.789000,0.000000
4.790000,0.000000
4.791000,0.000000
4.792000,0.000000
4.793000,0.000000
4.794000,0.000000
4.795000,0.000000
4.796000,0.000000
4.797000,0.000000
4.798000,0.000000
4.799000,0.000000
4.800000,0.000000
4.801000,0.000000
4.802000,0.000000
4.803000,0.000000
4.804000,0.000000
4.805000,0.000000
4.806000,0.000000
4.807000,0.000000
4.808000,0.000000
4.809000,0.000000
4.810000,0.000000
4.811000,0.000000
4.812000,0.000000
4.813000,0.000000
4.814000,0.000000
4.815000,0.000000
4.816000,0.000000
4.817000,0.000000
4.818000,0.000000
4.819000,0.000000
4.820000,0.000000
4.821000,0.000000
4.822000,0.000000
4.823000,0.000000
4.824000,0.000000
4.825000,0.000000
4.826000,0.000000
4.827000,0.000000
4.828000,0.000000
4.829000,0.000000
4.830000,0.000000
4.831000,0.000000
4.832000,0.000000
4.833000,0.000000
4.834000,0.000000
4.835000,0.000000
4.836000,0.000000
4.837000,0.000000
4.838000,0.000000
4.839000,0.000000
4.840000,0.000000
4.841000,0.000000
4.842000,0.000000
4.843000,0.000000
4.844000,0.000000
4.845000,0.000000
4.846000,0.000000
4.847000,0.000000
4.848000,0.000000
4.849000,0.000000
4.850000,0.000000
4.851000,0.000000
4.852000,0.000000
4.853000,0.000000
4.854000,0.000000
4.855000,0.000000
4.856000,0.000000
4.857000,0.000000
4.858000,0.000000
4.859000,0.000000
4.860000,0.000000
4.861000,0.000000
4.862000,0.000000
4.863000,0.000000
4.864000,0.000000
4.865000,0.000000
4.866000,0.000000
4.867000,0.000000
4.868000,0.000000
4.869000,0.000000
4.870000,0.000000
4.871000,0.000000
4.872000,0.000000
4.873000,0.000000
4.874000,0.000000
4.875000,0.000000
4.876000,0.000000
4.877000,0.000000
4.878000,0.000000
4.879000,0.000000
4.880000,0.000000
4.881000,0.000000
4.882000,0.000000
4.883000,0.000000
4.884000,0.000000
4.885000,0.000000
4.886000,0.000000
4.887000,0.000000
4.888000,0.000000
4.889000,0.000000
4.890000,0.000000
4.891000,0.000000
4.892000,0.000000
4.893000,0.000000
4.894000,0.000000
4.895000,0.000000
4.896000,0.000000
4.897000,0.000000
4.898000,0.000000
4.899000,0.000000
4.900000,0.000000
4.901000,0.000000
4.902000,0.000000
4.903000,0.000000
4.904000,0.000000
4.905000,0.000000
4.906000,0.000000
4.907000,0.000000
4.908000,0.000000
4.909000,0.000000
4.910000,0.000000
4.911000,0.000000
4.912000,0.000000
4.913000,0.000000
4.914000,0.000000
4.915000,0.000000
4.916000,0.000000
4.917000,0.000000
4.918000,0.000000
4.919000,0.000000
4.920000,0.000000
4.921000,0.000000
4.922000,0.000000
4.923000,0.000000
4.924000,0.000000
4.925000,0.000000
4.926000,0.000000
4.927000,0.000000
4.928000,0.000000
4.929000,0.000000
4.930000,0.000000
4.931000,0.000000
4.932000,0.000000
4.933000,0.000000
4.934000,0.000000
4.935000,0.000000
4.936000,0.000000
4.937000,0.000000
4.938000,0.000000
4.939000,0.000000
4.940000,0.000000
4.941000,0.000000
4.942000,0.000000
4.943000,0.000000
4.944000,0.000000
4.945000,0.000000
4.946000,0.000000
4.947000,0.000000
4.948000,0.000000
4.949000,0.000000
4.950000,0.000000
4.951000,0.000000
4.952000,0.000000
4.953000,0.000000
4.954000,0.000000
4.955000,0.000000
4.956000,0.000000
4.957000,0.000000
4.958000,0.000000
4.959000,0.000000
4.960000,0.000000
4.961000,0.000000
4.962000,0.000000
4.963000,0.000000
4.964000,0.000000
4.965000,0.000000
4.966000,0.000000
4.967000,0.000000
4.968000,0.000000
4.969000,0.000000
4.970000,0.000000
4.971000,0.000000
4.972000,0.000000
4.973000,0.000000
4.974000,0.000000
4.975000,0.000000
4.976000,0.000000
4.977000,0.000000
4.978000,0.000000
4.979000,0.000000
4.980000,0.000000
4.981000,0.000000
4.982000,0.000000
4.983000,0.000000
4.984000,0.000000
4.985000,0.000000
4.986000,0.000000
4.987000,0.000000
4.988000,0.000000
4.989000,0.000000
4.990000,0.000000
4.991000,0.000000
4.992000,0.000000
4.993000,0.000000
4.994000,0.000000
4.995000,0.000000
4.996000,0.000000
4.997000,0.000000
4.998000,0.000000
4.999000,0.000000
